4755 東証1部 楽天(株)（サービス業）,,,,,,
日付,始値,高値,安値,終値,出来高,終値調整値
2015/1/5,1673.5,1696.5,1649,1682,3038700,1682
2015/1/6,1643,1658.5,1609.5,1609.5,3934700,1609.5
2015/1/7,1593,1650,1592.5,1616.5,4593400,1616.5
2015/1/8,1637.5,1650.5,1623,1628,3191700,1628
2015/1/9,1632.5,1650,1630,1643,3120900,1643
2015/1/13,1628,1675.5,1602,1673,4934900,1673
2015/1/14,1655,1662,1596,1598.5,4090600,1598.5
2015/1/15,1600,1648.5,1600,1637.5,3642600,1637.5
2015/1/16,1601,1637.5,1570.5,1603.5,4837900,1603.5
2015/1/19,1609.5,1610,1572,1589,2801400,1589
2015/1/20,1580,1620,1576.5,1620,2559000,1620
2015/1/21,1612,1619.5,1587.5,1595,2459200,1595
2015/1/22,1580.5,1586,1563.5,1572.5,2389000,1572.5
2015/1/23,1589,1593,1541.5,1546.5,3522900,1546.5
2015/1/26,1524,1580,1524,1574,2921200,1574
2015/1/27,1604.5,1654.5,1601,1646,5431900,1646
2015/1/28,1618,1683,1617.5,1677.5,4763900,1677.5
2015/1/29,1672,1675.5,1624,1627,4276100,1627
2015/1/30,1637,1673,1635.5,1642,3160800,1642
2015/2/2,1632.5,1677,1630,1676,3081500,1676
2015/2/3,1690.5,1698,1617,1625.5,3334800,1625.5
2015/2/4,1646.5,1659.5,1618.5,1635.5,3018500,1635.5
2015/2/5,1656,1680.5,1650.5,1678,3333000,1678
2015/2/6,1695,1705,1674,1691.5,2324900,1691.5
2015/2/9,1730,1734,1656.5,1667,5216200,1667
2015/2/10,1672,1689,1659,1688,2220900,1688
2015/2/12,1697.5,1698.5,1677,1682,4320600,1682
2015/2/13,1700,1800,1695,1770,13621400,1770
2015/2/16,1770,1772,1735,1741,6092600,1741
2015/2/17,1743.5,1779.5,1703,1763.5,3815700,1763.5
2015/2/18,1780,1846,1780,1842,6793700,1842
2015/2/19,1843,1877.5,1833,1869.5,4582400,1869.5
2015/2/20,1895,1971.5,1893.5,1963.5,11133600,1963.5
2015/2/23,1947,1958.5,1900.5,1920,4626000,1920
2015/2/24,1918.5,1945,1901.5,1917,4562400,1917
2015/2/25,1917,1939.5,1886,1896,4589200,1896
2015/2/26,1880.5,1932.5,1880.5,1927,3514900,1927
2015/2/27,1950,2008,1938.5,1992,7250100,1992
2015/3/2,1990,2007.5,1923,1925,6586600,1925
2015/3/3,1946,1985,1936.5,1969.5,5194300,1969.5
2015/3/4,1946,2031.5,1921.5,2011.5,5900400,2011.5
2015/3/5,1951,2050,1934,2017,9814000,2017
2015/3/6,2010,2031.5,1980.5,1994.5,4709300,1994.5
2015/3/9,1991.5,2003,1952,1970,3435600,1970
2015/3/10,1985,2008,1959,1973,4622400,1973
2015/3/11,1957,1976,1936,1962.5,3195600,1962.5
2015/3/12,1966,2055,1961,2046,6081900,2046
2015/3/13,2056,2097.5,2050,2091.5,6247600,2091.5
2015/3/16,2077,2115,2070,2084,4097600,2084
2015/3/17,2102.5,2110,2061,2077.5,3398100,2077.5
2015/3/18,2091.5,2140.5,2080.5,2110.5,3488200,2110.5
2015/3/19,2134.5,2159,2086,2129.5,7611300,2129.5
2015/3/20,2154,2212,2073,2206.5,8562900,2206.5
2015/3/23,2190.5,2229,2167,2173,5813300,2173
2015/3/24,2165.5,2191.5,2154,2161.5,3741900,2161.5
2015/3/25,2148.5,2169.5,2113.5,2133,4980100,2133
2015/3/26,2113.5,2142,2101,2135.5,3892500,2135.5
2015/3/27,2147,2170,2093,2113,3416000,2113
2015/3/30,2108,2153,2101,2132,3471200,2132
2015/3/31,2170,2185,2118.5,2118.5,4275500,2118.5
2015/4/1,2110,2115,2051.5,2076,4269000,2076
2015/4/2,2085.5,2132.5,2080.5,2112,3548200,2112
2015/4/3,2115,2143,2105.5,2143,2196200,2143
2015/4/6,2150,2219,2149,2214,4138200,2214
2015/4/7,2257.5,2288,2218.5,2235.5,6859100,2235.5
2015/4/8,2249,2313,2237,2297,5789000,2297
2015/4/9,2316.5,2356.5,2312.5,2352.5,7676500,2352.5
2015/4/10,2379.5,2395,2354,2357.5,4997600,2357.5
2015/4/13,2333,2346,2285,2319,4812200,2319
2015/4/14,2305,2362.5,2300.5,2357,3543900,2357
2015/4/15,2325,2352,2315.5,2321.5,4045800,2321.5
2015/4/16,2311,2317,2231,2246,6025500,2246
2015/4/17,2196,2201,2111.5,2164,7660100,2164
2015/4/20,2133,2184,2112.5,2144.5,4087100,2144.5
2015/4/21,2183,2231.5,2168.5,2231.5,3916100,2231.5
2015/4/22,2200,2236,2189.5,2210,3998500,2210
2015/4/23,2235,2245,2172.5,2188,2473500,2188
2015/4/24,2179,2181.5,2144.5,2161,3117100,2161
2015/4/27,2167,2206.5,2148,2179.5,2647400,2179.5
2015/4/28,2179.5,2196.5,2165.5,2186,2559800,2186
2015/4/30,2113,2126.5,2081,2096.5,5127700,2096.5
2015/5/1,2098.5,2110,2058.5,2089,2835000,2089
2015/5/7,2074,2082,2017,2032,5039300,2032
2015/5/8,2040,2058.5,2024.5,2032,3468300,2032
2015/5/11,2182,2185,2085,2087,6060600,2087
2015/5/12,2090,2094,2049.5,2077,3566400,2077
2015/5/13,2055,2059,2027,2033.5,4034300,2033.5
2015/5/14,2029,2052.5,2004,2019,3883900,2019
2015/5/15,2036.5,2092,2031.5,2090,4187600,2090
2015/5/18,2095,2108,2075.5,2090,3831500,2090
2015/5/19,2090,2109,2081.5,2084,4709700,2084
2015/5/20,2100,2104.5,2077,2085.5,3610900,2085.5
2015/5/21,2090,2092.5,2067,2067.5,1903000,2067.5
2015/5/22,2074,2090,2056,2079,2003200,2079
2015/5/25,2079.5,2091,2076.5,2085.5,1628700,2085.5
2015/5/26,2083.5,2084.5,2063,2069.5,1748300,2069.5
2015/5/27,2069,2075.5,2040.5,2069,2870700,2069
2015/5/28,2062,2065,2000,2024.5,7234500,2024.5
2015/5/29,2025,2052,2021.5,2043,3703400,2043
2015/6/1,2037,2062.5,2017.5,2059.5,2438300,2059.5
2015/6/2,2050.5,2091,2040.5,2085.5,3530900,2085.5
2015/6/3,2090,2097.5,2075,2080.5,2288200,2080.5
2015/6/4,1976.5,1996.5,1936,1951.5,18216500,1951.5
2015/6/5,1942,1946.5,1883,1896,10666100,1896
2015/6/8,1885,1906.5,1862.5,1900,5943300,1900
2015/6/9,1900,1901,1850.5,1853,3864500,1853
2015/6/10,1859,1898,1857.5,1883.5,4749700,1883.5
2015/6/11,1895,1907.5,1892,1905,4010900,1905
2015/6/12,1900,1911.5,1893,1911,4843400,1911
2015/6/15,1911,1941,1908,1920,3339600,1920
2015/6/16,1902,1915,1846.5,1850,6873100,1850
2015/6/17,1860.5,1867,1827,1831,5921200,1831
2015/6/18,1832,1893.5,1830,1868.5,8236400,1868.5
2015/6/19,1884,1915,1876.5,1901,6013400,1901
2015/6/22,1889,1909,1886.5,1895,5774600,1895
2015/6/23,1899.5,1964.5,1893,1964.5,13728600,1964.5
2015/6/24,1982,2045.5,1970,2021.5,30160200,2021.5
2015/6/25,2010.5,2050,1985,2038.5,12418900,2038.5
2015/6/26,2015,2044,2006,2008.5,5503600,2008.5
2015/6/29,1933.5,1979,1933,1939.5,7215000,1939.5
2015/6/30,1949.5,1992.5,1948.5,1977.5,11283900,1977.5
2015/7/1,1978,2033.5,1965,2031,27980900,2031
2015/7/2,2070,2071.5,2002,2012,8952400,2012
2015/7/3,2011.5,2047,1985,2040,5780800,2040
2015/7/6,2006,2029,1963,1980.5,4763000,1980.5
2015/7/7,2044,2044,2007,2021.5,6129900,2021.5
2015/7/8,2005,2013.5,1912,1928,10464700,1928
2015/7/9,1919.5,1996,1885.5,1991,9180100,1991
2015/7/10,2011.5,2015,1955,1960.5,5472600,1960.5
2015/7/13,1990,2016,1967,2005.5,4055900,2005.5
2015/7/14,2035.5,2042,1991,2001.5,4682500,2001.5
2015/7/15,2021,2023,1963,1990,5392300,1990
2015/7/16,2008,2047.5,2001,2041.5,6270200,2041.5
2015/7/17,2048.5,2072.5,2030,2070,5201200,2070
2015/7/21,2097,2129.5,2067,2079.5,7001300,2079.5
2015/7/22,2070,2070,2020.5,2028.5,4252900,2028.5
2015/7/23,2039,2061,2028.5,2047.5,3429800,2047.5
2015/7/24,2079,2092.5,2048,2054,4518500,2054
2015/7/27,2039,2039,1980.5,1995,4749800,1995
2015/7/28,1963,1998,1947.5,1979,4250600,1979
2015/7/29,2000,2007.5,1976,1985,2703700,1985
2015/7/30,2000.5,2012,1991,1998.5,3380100,1998.5
2015/7/31,2020,2020,1985.5,1995.5,3424900,1995.5
2015/8/3,2011,2057,2004,2053.5,4568500,2053.5
2015/8/4,2060,2068,2037,2062.5,3118900,2062.5
2015/8/5,2075,2091.5,2048,2060,2909400,2060
2015/8/6,2080,2093.5,2061.5,2082.5,4808900,2082.5
2015/8/7,1968,1992,1895.5,1952,16845400,1952
2015/8/10,1952,1957,1931,1954,4430400,1954
2015/8/11,1969.5,1977,1913.5,1920,6067600,1920
2015/8/12,1900,1900,1843,1860,9129300,1860
2015/8/13,1857,1874,1844.5,1863.5,5389100,1863.5
2015/8/14,1860,1863,1836,1841.5,3490800,1841.5
2015/8/17,1856.5,1864.5,1840.5,1851,2922400,1851
2015/8/18,1870,1879,1810,1819,5122900,1819
2015/8/19,1819,1834.5,1799,1801.5,3369400,1801.5
2015/8/20,1799,1815,1765,1765.5,4705300,1765.5
2015/8/21,1715,1723.5,1682,1684,8108300,1684
2015/8/24,1614.5,1672,1600,1600,8276200,1600
2015/8/25,1542.5,1666,1531.5,1594.5,9928300,1594.5
2015/8/26,1608,1633,1563.5,1623.5,11221400,1623.5
2015/8/27,1663.5,1687.5,1646,1662,6279000,1662
2015/8/28,1745,1748.5,1707,1733.5,7561000,1733.5
2015/8/31,1733.5,1735,1690,1734,5196400,1734
2015/9/1,1712,1714,1633,1633.5,6935600,1633.5
2015/9/2,1604.5,1665,1595.5,1631,7852300,1631
2015/9/3,1638,1661,1620.5,1646.5,5368300,1646.5
2015/9/4,1670,1679,1597.5,1617,6516100,1617
2015/9/7,1585,1604,1552,1595,5689900,1595
2015/9/8,1598.5,1617,1544.5,1548,5964100,1548
2015/9/9,1587,1609,1552,1609,8942000,1609
2015/9/10,1564,1565,1531,1560,7302900,1560
2015/9/11,1548.5,1608.5,1542,1582,8379700,1582
2015/9/14,1566.5,1574.5,1541,1544,4874500,1544
2015/9/15,1556,1556.5,1506.5,1510,6823000,1510
2015/9/16,1501,1506.5,1460,1474,9053100,1474
2015/9/17,1499,1525,1480.5,1516.5,9236300,1516.5
2015/9/18,1516.5,1534,1494.5,1522.5,9148600,1522.5
2015/9/24,1508,1547,1494.5,1496,8225200,1496
2015/9/25,1492,1518.5,1469,1500,5403900,1500
2015/9/28,1500,1515,1475,1505.5,3745700,1505.5
2015/9/29,1479,1484.5,1452.5,1470,7941300,1470
2015/9/30,1518,1546,1511.5,1524,6673100,1524
2015/10/1,1524,1563,1523,1558,6771500,1558
2015/10/2,1545,1591.5,1542,1584,5493300,1584
2015/10/5,1606,1636,1594.5,1623,5725800,1623
2015/10/6,1662.5,1672,1607.5,1611,6120600,1611
2015/10/7,1631,1649,1617.5,1640.5,5302600,1640.5
2015/10/8,1655,1659,1604,1623,5696600,1623
2015/10/9,1626.5,1646,1601.5,1642,4091800,1642
2015/10/13,1636,1650,1585,1588.5,5139400,1588.5
2015/10/14,1562.5,1586,1560,1577,3492000,1577
2015/10/15,1557,1654,1555,1652,6046200,1652
2015/10/16,1658.5,1719.5,1657.5,1708,9286600,1708
2015/10/19,1690,1699.5,1665,1681.5,5119000,1681.5
2015/10/20,1698,1703.5,1660.5,1687,2915800,1687
2015/10/21,1697.5,1733,1686.5,1723.5,3843000,1723.5
2015/10/22,1702.5,1722.5,1683.5,1713.5,3944200,1713.5
2015/10/23,1748.5,1752,1710.5,1717,6554800,1717
2015/10/26,1739,1751.5,1733,1738,4046300,1738
2015/10/27,1735,1735,1693.5,1698,3775300,1698
2015/10/28,1699,1704.5,1687.5,1694,3973700,1694
2015/10/29,1709,1712,1687.5,1699,3357200,1699
2015/10/30,1713,1713,1672,1687.5,5204400,1687.5
2015/11/2,1665,1680,1616,1623.5,8278300,1623.5
2015/11/4,1644.5,1652,1609,1621.5,7995700,1621.5
2015/11/5,1648,1648,1610,1613.5,6141400,1613.5
2015/11/6,1595,1600,1556.5,1562,10011100,1562
2015/11/9,1589,1589,1567.5,1570,6532800,1570
2015/11/10,1565,1569,1543,1564,5071200,1564
2015/11/11,1574,1624.5,1571,1601,6607100,1601
2015/11/12,1590,1597.5,1568,1573.5,5308200,1573.5
2015/11/13,1558,1558.5,1525,1541.5,7699000,1541.5
2015/11/16,1513,1523.5,1507,1515,4058700,1515
2015/11/17,1537,1551.5,1518,1532.5,6687000,1532.5
2015/11/18,1538,1568.5,1537,1553.5,4773200,1553.5
2015/11/19,1578,1612,1559.5,1605,9256700,1605
2015/11/20,1595.5,1639.5,1593.5,1624.5,5954300,1624.5
2015/11/24,1629,1644.5,1620.5,1629,4009400,1629
2015/11/25,1633.5,1638,1602,1605.5,2839100,1605.5
2015/11/26,1602,1626.5,1585,1605,3167100,1605
2015/11/27,1610,1619,1581,1590.5,2972100,1590.5
2015/11/30,1581.5,1585,1548,1552,4241900,1552
2015/12/1,1558.5,1569.5,1545,1563,5185400,1563
2015/12/2,1560,1560.5,1540,1547.5,5012800,1547.5
2015/12/3,1541,1547,1499.5,1519.5,8808300,1519.5
2015/12/4,1496.5,1506.5,1486,1496,4769500,1496
2015/12/7,1508,1535,1508,1517,3414600,1517
2015/12/8,1532,1543.5,1498.5,1507.5,4859600,1507.5
2015/12/9,1498,1518.5,1491.5,1501.5,5084300,1501.5
2015/12/10,1488,1494,1466.5,1476.5,3984400,1476.5
2015/12/11,1456,1492.5,1456,1468.5,4537500,1468.5
2015/12/14,1428.5,1429.5,1398,1417,7803900,1417
2015/12/15,1414.5,1424.5,1397.5,1402.5,5870000,1402.5
2015/12/16,1410,1412,1352.5,1372.5,11909800,1372.5
2015/12/17,1410,1441.5,1398.5,1422,9458800,1422
2015/12/18,1402.5,1449,1382.5,1385,8345300,1385
2015/12/21,1380.5,1391,1347.5,1372,7411700,1372
2015/12/22,1387,1407.5,1380.5,1388.5,6609400,1388.5
2015/12/24,1398,1409,1364.5,1370.5,4908000,1370.5
2015/12/25,1360.5,1384.5,1355,1369,5189700,1369
2015/12/28,1374.5,1393,1360,1387.5,4375900,1387.5
2015/12/29,1401.5,1402.5,1374.5,1398.5,4066400,1398.5
2015/12/30,1401.5,1407.5,1390.5,1403,3321700,1403
2016/1/4,1400,1427.5,1377.5,1381,5580400,1381
2016/1/5,1359,1364.5,1335.5,1346,6419200,1346
2016/1/6,1333,1338.5,1282,1301,10627900,1301
2016/1/7,1296,1320.5,1270.5,1270.5,9614400,1270.5
2016/1/8,1254,1291,1250,1265,7416000,1265
2016/1/12,1244.5,1249,1205,1212,9674700,1212
2016/1/13,1234.5,1280.5,1233.5,1278.5,9073900,1278.5
2016/1/14,1250.5,1260,1199,1234,9583500,1234
2016/1/15,1252.5,1265,1215.5,1225.5,5321800,1225.5
2016/1/18,1178,1216.5,1178,1209,6398800,1209
2016/1/19,1193,1202.5,1165,1180,9556500,1180
2016/1/20,1179.5,1179.5,1122,1123.5,8055100,1123.5
2016/1/21,1116.5,1155.5,1103,1103,9382500,1103
2016/1/22,1139.5,1180.5,1132,1178,7180600,1178
2016/1/25,1203.5,1218.5,1175,1205.5,6432400,1205.5
2016/1/26,1178,1192,1160.5,1181.5,5830400,1181.5
2016/1/27,1209,1234,1197,1208.5,5583000,1208.5
2016/1/28,1223,1225,1185,1195,6047800,1195
2016/1/29,1200.5,1230.5,1174.5,1228.5,6685500,1228.5
2016/2/1,1265,1296.5,1247,1295,7845400,1295
2016/2/2,1252,1282,1251.5,1262,5851500,1262
2016/2/3,1233,1233,1188.5,1205,7980600,1205
2016/2/4,1189,1213,1176.5,1194,5203900,1194
2016/2/5,1175.5,1201,1170.5,1192,6537000,1192
2016/2/8,1173,1230,1170,1214,5196200,1214
2016/2/9,1160,1162.5,1116,1129.5,7245200,1129.5
2016/2/10,1100.5,1123,1066.5,1082,7960500,1082
2016/2/12,1020,1056.5,999.3,1004,14287500,1004
2016/2/15,975,998.8,942.7,991,21798900,991
2016/2/16,999.4,1061.5,991.5,1029.5,14440400,1029.5
2016/2/17,1021,1041,998.1,1009,12294700,1009
2016/2/18,1039,1057.5,1026.5,1036.5,9070600,1036.5
2016/2/19,1016,1020,990.4,1008,8643700,1008
2016/2/22,996.6,1001.5,989.3,999.6,7562800,999.6
2016/2/23,1010,1039.5,1006.5,1016,6887800,1016
2016/2/24,1000,1016,995,1002.5,9915000,1002.5
2016/2/25,1007.5,1033,999,1028.5,8401200,1028.5
2016/2/26,1085,1106.5,1080,1088.5,11096700,1088.5
2016/2/29,1139.5,1139.5,1072.5,1073,9923600,1073
2016/3/1,1065,1087.5,1052.5,1073.5,4416900,1073.5
2016/3/2,1104.5,1142.5,1098,1139.5,5551100,1139.5
2016/3/3,1139.5,1178,1125,1167,7575400,1167
2016/3/4,1168,1181,1142,1157,7124400,1157
2016/3/7,1154.5,1155.5,1131.5,1134.5,5486300,1134.5
2016/3/8,1132.5,1155,1113,1140,4951600,1140
2016/3/9,1127.5,1133,1093,1101.5,4672200,1101.5
2016/3/10,1101.5,1110,1078.5,1105,8334600,1105
2016/3/11,1075.5,1090.5,1063,1084.5,8459900,1084.5
2016/3/14,1100,1120.5,1093,1113.5,6511900,1113.5
2016/3/15,1106.5,1111,1091.5,1093,7581000,1093
2016/3/16,1077.5,1083.5,1069,1070,6396900,1070
2016/3/17,1070,1096.5,1057.5,1068,5974900,1068
2016/3/18,1051,1055,1023,1051.5,9689100,1051.5
2016/3/22,1047,1060.5,1033,1060.5,10105400,1060.5
2016/3/23,1062,1067,1025.5,1029.5,6797600,1029.5
2016/3/24,1033.5,1040.5,1016.5,1029,7158900,1029
2016/3/25,1027,1035,1022.5,1030.5,4536000,1030.5
2016/3/28,1041.5,1058.5,1038.5,1058.5,5128400,1058.5
2016/3/29,1060,1088,1045.5,1086,5363000,1086
2016/3/30,1064.5,1084,1055,1064.5,7914600,1064.5
2016/3/31,1076.5,1110,1072.5,1085.5,8570900,1085.5
2016/4/1,1082.5,1083,1046.5,1055,8053500,1055
2016/4/4,1058,1074.5,1047.5,1066,5779000,1066
2016/4/5,1079.5,1116.5,1052.5,1054,9291600,1054
2016/4/6,1054.5,1108.5,1047,1106,9122500,1106
2016/4/7,1130,1202,1128,1183,15187600,1183
2016/4/8,1168.5,1227.5,1161,1217.5,12975600,1217.5
2016/4/11,1216.5,1242,1203.5,1237,10099600,1237
2016/4/12,1225,1258.5,1219.5,1250,7362100,1250
2016/4/13,1259.5,1263.5,1227.5,1259,9119000,1259
2016/4/14,1265,1272.5,1240,1269,7666000,1269
2016/4/15,1258.5,1301.5,1253,1275.5,6181800,1275.5
2016/4/18,1215.5,1249,1212,1229.5,7839000,1229.5
2016/4/19,1259.5,1290,1259,1285.5,4291700,1285.5
2016/4/20,1298,1329,1271.5,1284,8208700,1284
2016/4/21,1305.5,1313.5,1292.5,1300,4837300,1300
2016/4/22,1296,1330,1291,1330,5812200,1330
2016/4/25,1330,1331.5,1296.5,1301,3982100,1301
2016/4/26,1295,1308,1276.5,1292,5203400,1292
2016/4/27,1302,1307.5,1284,1287.5,3943000,1287.5
2016/4/28,1302,1302.5,1172.5,1220.5,8426900,1220.5
2016/5/2,1160.5,1222,1160.5,1220.5,9970800,1220.5
2016/5/6,1229,1237,1215.5,1229.5,6234800,1229.5
2016/5/9,1235,1238,1219.5,1225,3460400,1225
2016/5/10,1232.5,1259,1230.5,1253.5,4462600,1253.5
2016/5/11,1274.5,1275,1234.5,1237,4067500,1237
2016/5/12,1241,1242.5,1217.5,1221.5,5096900,1221.5
2016/5/13,1160,1187,1113,1155,21370000,1155
2016/5/16,1143,1201.5,1142.5,1171,8862100,1171
2016/5/17,1179.5,1208.5,1176,1205.5,5119100,1205.5
2016/5/18,1212,1246,1209,1242,6033100,1242
2016/5/19,1250.5,1260,1204,1225,5977400,1225
2016/5/20,1201,1210,1161.5,1183,8538100,1183
2016/5/23,1154,1166.5,1126.5,1165.5,7452700,1165.5
2016/5/24,1157,1161,1144,1152.5,3667700,1152.5
2016/5/25,1175,1183,1155.5,1161,4671400,1161
2016/5/26,1180,1184.5,1137.5,1143.5,3995200,1143.5
2016/5/27,1138,1142,1126,1136.5,4930600,1136.5
2016/5/30,1144.5,1163.5,1140.5,1163,3374800,1163
2016/5/31,1160,1199.5,1151.5,1194.5,4909600,1194.5
2016/6/1,1194,1222,1185.5,1197.5,4469600,1197.5
2016/6/2,1180,1198,1162.5,1172,4631600,1172
2016/6/3,1173.5,1176,1145,1155.5,4720100,1155.5
2016/6/6,1140.5,1163,1133.5,1160,2790700,1160
2016/6/7,1160,1189.5,1149.5,1185,3668600,1185
2016/6/8,1190,1197.5,1168,1187,4538600,1187
2016/6/9,1203,1214,1163.5,1170,5277200,1170
2016/6/10,1151.5,1155.5,1116.5,1127,7399900,1127
2016/6/13,1099.5,1104,1078.5,1079.5,5272400,1079.5
2016/6/14,1064.5,1075.5,1038.5,1063.5,7506700,1063.5
2016/6/15,1063,1075.5,1052.5,1064,5381300,1064
2016/6/16,1060,1072,1031,1037.5,5156100,1037.5
2016/6/17,1045.5,1065,1038.5,1039.5,4062300,1039.5
2016/6/20,1053,1065.5,1049.5,1060,2512000,1060
2016/6/21,1050,1075,1039,1071.5,3152700,1071.5
2016/6/22,1069,1087.5,1060,1079,4329400,1079
2016/6/23,1085.5,1115.5,1083,1110.5,4017900,1110.5
2016/6/24,1110,1121.5,999,1018,7514100,1018
2016/6/27,1009,1048,990,1044,6746100,1044
2016/6/28,1030,1047.5,1005.5,1037.5,4591100,1037.5
2016/6/29,1067.5,1083,1060.5,1077,4409600,1077
2016/6/30,1100.5,1118,1086.5,1102.5,7047300,1102.5
2016/7/1,1108.5,1125.5,1100,1110.5,4079600,1110.5
2016/7/4,1113.5,1141,1098,1139,4861000,1139
2016/7/5,1133,1136,1114.5,1124,3012300,1124
2016/7/6,1103,1114,1082.5,1098.5,5192400,1098.5
2016/7/7,1096.5,1112,1079,1082.5,4296300,1082.5
2016/7/8,1075.5,1083,1045.5,1050,5795100,1050
2016/7/11,1072,1113,1067.5,1105,4979700,1105
2016/7/12,1133,1164.5,1132.5,1160,5880200,1160
2016/7/13,1196.5,1196.5,1163,1180.5,6201400,1180.5
2016/7/14,1181,1185.5,1173,1175,3221100,1175
2016/7/15,1177,1182.5,1161.5,1168,5127600,1168
2016/7/19,1180,1181,1149.5,1158,4724300,1158
2016/7/20,1149,1179.5,1140.5,1178,3362200,1178
2016/7/21,1186.5,1202.5,1172.5,1202,3719300,1202
2016/7/22,1175,1190.5,1152.5,1162.5,3314300,1162.5
2016/7/25,1162.5,1184,1156.5,1169,3258100,1169
2016/7/26,1164,1178,1145.5,1172.5,4769300,1172.5
2016/7/27,1167.5,1173,1148.5,1153,3999600,1153
2016/7/28,1150,1184.5,1133.5,1168,14465900,1168
2016/7/29,1171.5,1180,1146,1175.5,4881000,1175.5
2016/8/1,1174.5,1196,1160.5,1189,3815600,1189
2016/8/2,1186.5,1206.5,1181,1184,3295900,1184
2016/8/3,1160,1161.5,1130,1131,4616000,1131
2016/8/4,1107.5,1167.5,1106,1162.5,4830200,1162.5
2016/8/5,1162.5,1266,1135,1220,13094900,1220
2016/8/8,1224,1248,1167.5,1193,8469500,1193
2016/8/9,1197.5,1205,1180.5,1200.5,3385200,1200.5
2016/8/10,1199,1203,1178,1197.5,3005700,1197.5
2016/8/12,1209.5,1240,1201.5,1234.5,4394100,1234.5
2016/8/15,1244.5,1261.5,1236.5,1253,4147200,1253
2016/8/16,1270,1284.5,1260,1267.5,5459700,1267.5
2016/8/17,1297,1317,1289.5,1304,7593500,1304
2016/8/18,1291.5,1315.5,1289.5,1295.5,6600200,1295.5
2016/8/19,1302.5,1317,1295,1309.5,4905100,1309.5
2016/8/22,1317.5,1330,1313.5,1324,3228600,1324
2016/8/23,1317.5,1318,1278,1290,4948400,1290
2016/8/24,1293.5,1297.5,1265,1283,3590800,1283
2016/8/25,1283,1306,1278.5,1297.5,2874100,1297.5
2016/8/26,1275,1282.5,1263.5,1272.5,3147600,1272.5
2016/8/29,1297.5,1311.5,1281.5,1301,3602100,1301
2016/8/30,1294.5,1298,1268,1296.5,3247900,1296.5
2016/8/31,1300,1310.5,1271,1304,5027400,1304
2016/9/1,1313.5,1342.5,1310,1332.5,4735700,1332.5
2016/9/2,1335,1337.5,1311,1322,4387500,1322
2016/9/5,1323,1334,1301,1316,3171100,1316
2016/9/6,1312.5,1334,1310,1333,3294000,1333
2016/9/7,1420.5,1462,1405,1429,28290600,1429
2016/9/8,1408,1408,1360,1373.5,12785800,1373.5
2016/9/9,1368,1400,1362,1385.5,7025900,1385.5
2016/9/12,1360.5,1364,1343.5,1356.5,5360400,1356.5
2016/9/13,1350,1358.5,1334.5,1352,5024900,1352
2016/9/14,1340,1347.5,1314,1315,6997900,1315
2016/9/15,1292,1323,1291,1312,5420500,1312
2016/9/16,1310,1334,1298.5,1334,5113500,1334
2016/9/20,1314,1343.5,1310.5,1328,6659700,1328
2016/9/21,1310,1382.5,1306,1382,8091800,1382
2016/9/23,1370,1386,1347.5,1383,5685400,1383
2016/9/26,1380,1386,1346.5,1350.5,5485100,1350.5
2016/9/27,1330,1368.5,1319,1368.5,6371000,1368.5
2016/9/28,1368,1379,1346.5,1350,4135900,1350
2016/9/29,1358,1381.5,1350,1370.5,7794100,1370.5
2016/9/30,1350,1350,1310,1311,41443500,1311
2016/10/3,1315,1332.5,1281,1329.5,7667600,1329.5
2016/10/4,1335.5,1339.5,1317,1323.5,4862400,1323.5
2016/10/5,1328.5,1331.5,1310.5,1331.5,3464300,1331.5
2016/10/6,1338.5,1339,1306,1310.5,4151300,1310.5
2016/10/7,1292,1304,1273.5,1288.5,5632300,1288.5
2016/10/11,1300,1324,1289,1302,5215800,1302
2016/10/12,1292,1323,1287.5,1302,3656800,1302
2016/10/13,1306,1308.5,1280,1282,2998900,1282
2016/10/17,1314,1324,1301,1321.5,3120400,1321.5
2016/10/19,1306,1315.5,1301,1310.5,3321400,1310.5
2016/10/20,1303.5,1321,1301,1318,3625400,1318
2016/10/21,1292,1293.5,1258,1264,9504500,1264
2016/10/24,1249,1250,1228.5,1241.5,6999200,1241.5
2016/10/25,1249.5,1272,1246.5,1268.5,4791200,1268.5
2016/10/26,1255.5,1281,1255.5,1277,4424100,1277
2016/10/27,1261,1268,1241.5,1248.5,5011700,1248.5
2016/10/28,1268.5,1268.5,1237,1240,5828400,1240
2016/10/31,1225,1225.5,1208.5,1212.5,5434200,1212.5
2016/11/1,1216.5,1223,1207,1219,4019300,1219
2016/11/2,1182,1196,1167.5,1175,7619900,1175
2016/11/4,1163,1176.5,1146,1152,6480700,1152
2016/11/7,1172.5,1179,1161,1165,4449300,1165
2016/11/8,1175.5,1183.5,1167.5,1173.5,3809700,1173.5
2016/11/9,1177.5,1212,1115.5,1135,9619800,1135
2016/11/10,1180,1202,1165.5,1197.5,6655400,1197.5
2016/11/11,1207.5,1227.5,1117,1130,19865300,1130
2016/11/14,1128,1164.5,1122,1160,5962700,1160
2016/11/15,1150,1165,1141.5,1147.5,5802900,1147.5
2016/11/16,1172,1192,1166.5,1169,6516200,1169
2016/11/17,1157,1158,1131.5,1138.5,9487800,1138.5
2016/11/18,1155,1160,1133.5,1138.5,7343000,1138.5
2016/11/21,1135,1144,1131,1143.5,6393700,1143.5
2016/11/22,1135,1145,1126.5,1143,5904300,1143
2016/11/24,1139,1168,1137,1166,7499600,1166
2016/11/25,1173.5,1182,1165,1171.5,4636400,1171.5
2016/11/28,1150.5,1160,1139,1160,6171200,1160
2016/11/29,1137,1160,1136,1151.5,5029300,1151.5
2016/11/30,1151.5,1155,1126.5,1128,9056400,1128
2016/12/1,1128.5,1154,1123,1143,7316900,1143
2016/12/2,1133,1149.5,1133,1143,5988300,1143
2016/12/5,1130,1131.5,1111,1119.5,6746200,1119.5
2016/12/6,1112,1124.5,1110,1122,6995000,1122
2016/12/7,1127.5,1150,1124,1148,6825700,1148
2016/12/8,1160,1166.5,1143.5,1161,10376000,1161
2016/12/9,1157,1179,1155,1162,11401100,1162
2016/12/12,1179.5,1183.5,1162,1173,7473200,1173
2016/12/13,1180,1184,1156,1162,7921700,1162
2016/12/14,1162,1169,1150,1150.5,7005800,1150.5
2016/12/15,1150.5,1158.5,1137.5,1142,5778400,1142
2016/12/16,1149,1150,1131,1142.5,6896500,1142.5
2016/12/19,1139,1159.5,1138.5,1147.5,5289600,1147.5
2016/12/20,1147.5,1168.5,1147.5,1164.5,4372600,1164.5
2016/12/21,1170.5,1173,1158,1163.5,5155200,1163.5
2016/12/22,1150,1162,1145.5,1150,4594200,1150
2016/12/26,1160,1174.5,1152.5,1158,4737400,1158
2016/12/27,1160,1170.5,1154,1164,3830600,1164
2016/12/28,1166.5,1181,1165.5,1178.5,5337900,1178.5
2016/12/29,1174.5,1178.5,1156,1161,5176100,1161
2016/12/30,1156,1157,1137,1145.5,4515700,1145.5
2017/1/4,1142,1174.5,1138,1170,6387100,1170
2017/1/5,1172.5,1182,1162.5,1180,4760300,1180
2017/1/6,1192,1230.5,1189,1221.5,10087000,1221.5
2017/1/10,1232.5,1240,1206,1213.5,6695300,1213.5
2017/1/11,1199.5,1221,1199,1216.5,7541000,1216.5
2017/1/12,1197,1203.5,1175,1181,8239600,1181
2017/1/13,1175,1187,1162,1177.5,7894500,1177.5
2017/1/16,1177.5,1192,1168.5,1175,4192500,1175
2017/1/17,1163,1165,1129,1131.5,8515100,1131.5
2017/1/18,1092,1125,1088.5,1119,10925100,1119
2017/1/19,1130,1146,1127,1139,6215900,1139
2017/1/20,1134,1140.5,1129,1136.5,4913500,1136.5
2017/1/23,1130.5,1130.5,1107.5,1117,5057800,1117
2017/1/24,1120,1129,1113,1122.5,5169900,1122.5
2017/1/25,1150,1152,1125,1131.5,4421200,1131.5
2017/1/26,1132,1156,1131.5,1156,4392600,1156
2017/1/27,1159.5,1160,1140.5,1143.5,4514600,1143.5
2017/1/30,1134.5,1142,1128,1137.5,3822200,1137.5
2017/1/31,1127,1137,1119.5,1127.5,4204700,1127.5
2017/2/1,1110.5,1116,1097,1106,6877900,1106
2017/2/2,1110,1112,1085,1086,5820100,1086
2017/2/3,1089.5,1095.5,1076,1082.5,4956900,1082.5
2017/2/6,1091.5,1098.5,1085,1090,5908000,1090
2017/2/7,1079,1092.5,1072.5,1090,4083700,1090
2017/2/8,1088,1096,1085.5,1091,3164300,1091
2017/2/9,1090,1103,1088.5,1093,2970200,1093
2017/2/10,1109,1113.5,1096.5,1109,5413900,1109
2017/2/13,1115,1144,1108.5,1128.5,5634800,1128.5
2017/2/14,1158.5,1170,1106,1108,12151800,1108
2017/2/15,1103.5,1106,1074,1077,16531400,1077
2017/2/16,1060,1070,1035,1058.5,19384000,1058.5
2017/2/17,1050.5,1057.5,1044.5,1049,6237000,1049
2017/2/20,1045,1048.5,1024.5,1028,10680400,1028
2017/2/21,1034.5,1037,1027,1032.5,5304800,1032.5
2017/2/22,1145,1158,1109,1129.5,36679600,1129.5
2017/2/23,1120,1126.5,1094.5,1125.5,13292400,1125.5
2017/2/24,1121.5,1152.5,1119,1144,9070900,1144
2017/2/27,1127,1141.5,1118.5,1131,7393000,1131
2017/2/28,1140,1141,1112,1113,7512900,1113
2017/3/1,1110,1126,1103,1119,9425100,1119
2017/3/2,1127,1128,1091.5,1094.5,13128700,1094.5
2017/3/3,1093,1107,1083,1091,7960600,1091
2017/3/6,1089.5,1096,1073.5,1094,6658100,1094
2017/3/7,1089,1090,1068.5,1079,8785800,1079
2017/3/8,1070.5,1077,1060,1067.5,8056000,1067.5
2017/3/9,1072.5,1087,1068,1085,8439200,1085
2017/3/10,1097.5,1103.5,1085.5,1096,8494000,1096
2017/3/13,1096.5,1110.5,1088,1101,5604200,1101
2017/3/14,1097,1101,1086.5,1099,5657100,1099
2017/3/15,1097.5,1118,1097,1105.5,5632200,1105.5
2017/3/16,1093,1115,1092,1113,6088000,1113
2017/3/17,1113,1127,1107.5,1122,9120900,1122
2017/3/21,1112.5,1129.5,1112,1127,8111400,1127
2017/3/22,1109.5,1118.5,1098.5,1099,8965000,1099
2017/3/23,1104,1112.5,1100.5,1106,5965900,1106
2017/3/24,1094,1104,1086,1095.5,7364700,1095.5
2017/3/27,1085,1088,1069,1073,6221700,1073
2017/3/28,1086,1098.5,1084,1089.5,6660600,1089.5
2017/3/29,1101,1139.5,1100,1133,11488300,1133
2017/3/30,1133,1135.5,1100.5,1102.5,7942700,1102.5
2017/3/31,1113.5,1132.5,1106.5,1115,7716200,1115
2017/4/3,1117,1136,1117,1130.5,5983300,1130.5
2017/4/4,1130,1138.5,1115.5,1125,6200900,1125
2017/4/5,1125.5,1143.5,1122.5,1142.5,6887900,1142.5
2017/4/6,1142.5,1152,1134.5,1145.5,8570400,1145.5
2017/4/7,1158,1191,1158,1180.5,14288100,1180.5
2017/4/10,1197,1211.5,1182,1190.5,12115300,1190.5
2017/4/11,1173,1183,1167,1180.5,7398900,1180.5
2017/4/12,1182.5,1190,1165,1181.5,6177200,1181.5
2017/4/13,1181,1182.5,1168,1180.5,4956400,1180.5
2017/4/14,1180,1184.5,1165,1168.5,4650400,1168.5
2017/4/17,1162,1190,1157.5,1190,5130800,1190
2017/4/18,1193.5,1195.5,1174,1180,6186300,1180
2017/4/19,1180,1208.5,1178.5,1187.5,7340000,1187.5
2017/4/20,1174,1185,1164.5,1173,7812500,1173
2017/4/21,1172,1173,1138.5,1145,10993500,1145
2017/4/24,1165.5,1178,1163.5,1170.5,7650900,1170.5
2017/4/25,1167,1184.5,1159,1181,8673800,1181
2017/4/26,1183,1196,1172,1191.5,7217900,1191.5
2017/4/27,1131.5,1152,1126.5,1139,14831700,1139
2017/4/28,1145.5,1146,1134.5,1141,8074600,1141
2017/5/1,1137.5,1141.5,1128,1133,5695800,1133
2017/5/2,1138.5,1143.5,1133,1135.5,6347700,1135.5
2017/5/8,1143.5,1160.5,1141,1150,8721900,1150
2017/5/9,1158.5,1170.5,1150.5,1168,9584700,1168
2017/5/10,1172.5,1179.5,1169.5,1173,5645300,1173
2017/5/11,1172,1172,1149,1161,6368500,1161
2017/5/12,1230,1286.5,1226,1237,26688400,1237
2017/5/15,1223.5,1258.5,1223.5,1251.5,9477900,1251.5
2017/5/16,1252,1269,1247,1267,10121300,1267
2017/5/17,1259,1286.5,1257.5,1273.5,7759100,1273.5
2017/5/18,1262,1274.5,1256,1269,6660000,1269
2017/5/19,1283,1307,1271,1273.5,8943600,1273.5
2017/5/22,1274,1314.5,1274,1306,8594200,1306
2017/5/23,1296.5,1329,1296.5,1306,7139500,1306
2017/5/24,1323,1346,1321.5,1338.5,8585700,1338.5
2017/5/25,1338.5,1360,1331,1345.5,7283700,1345.5
2017/5/26,1355.5,1386.5,1353.5,1370,9011600,1370
2017/5/29,1376,1397,1373.5,1375.5,8471300,1375.5
2017/5/30,1378,1381.5,1344.5,1358,6348200,1358
2017/5/31,1345.5,1351.5,1336.5,1346,6789800,1346
2017/6/1,1345.5,1361.5,1343,1358,5067000,1358
2017/6/2,1370,1381,1365,1373,7676500,1373
2017/6/5,1371,1399,1370.5,1394,5717500,1394
2017/6/6,1397,1407.5,1367,1371,9260900,1371
2017/6/7,1367.5,1375.5,1347,1370.5,7164700,1370.5
2017/6/8,1375,1383,1350.5,1350.5,5640800,1350.5
2017/6/9,1350.5,1370,1350,1353.5,5305100,1353.5
2017/6/12,1344.5,1355,1328.5,1350.5,7229900,1350.5
2017/6/13,1347,1355,1333.5,1336.5,5776000,1336.5
2017/6/14,1338.5,1362,1335,1354.5,4635900,1354.5
2017/6/15,1340,1360.5,1338,1356.5,4677300,1356.5
2017/6/16,1360,1390,1360,1371.5,8713900,1371.5
2017/6/19,1381.5,1407,1381.5,1387.5,6628000,1387.5
2017/6/20,1395.5,1397,1382.5,1382.5,5412900,1382.5
2017/6/21,1382.5,1386.5,1364.5,1373,5213300,1373
2017/6/22,1373,1380,1367,1367,4957400,1367
2017/6/23,1367,1369,1344,1351.5,6777900,1351.5
2017/6/26,1349.5,1357,1348,1354,3422700,1354
2017/6/27,1354,1358.5,1348.5,1352,2866800,1352
2017/6/28,1339,1350,1323.5,1327.5,5392700,1327.5
2017/6/29,1331,1343.5,1327.5,1341.5,4485000,1341.5
2017/6/30,1331.5,1335.5,1312.5,1322,5302400,1322
2017/7/3,1321.5,1323.5,1303.5,1312,4634100,1312
2017/7/4,1321,1322,1308,1311.5,3247600,1311.5
2017/7/5,1308,1323,1296.5,1322.5,4824700,1322.5
2017/7/6,1322.5,1327,1316.5,1320,3995300,1320
2017/7/7,1313.5,1324,1310,1316,4203100,1316
2017/7/10,1325,1329,1310,1317.5,3663100,1317.5
2017/7/11,1320,1331,1313,1328,4486900,1328
2017/7/12,1328,1331.5,1313,1321,3811900,1321
2017/7/13,1332,1336,1313.5,1322,2767100,1322
2017/7/14,1321,1330,1319,1324.5,3746100,1324.5
2017/7/18,1328.5,1328.5,1305,1314,5486600,1314
2017/7/19,1314,1316.5,1297.5,1308.5,3806900,1308.5
2017/7/20,1308.5,1322.5,1306,1322.5,3533800,1322.5
2017/7/21,1322.5,1327.5,1316.5,1324,3399400,1324
2017/7/24,1313,1323,1301.5,1321,5068300,1321
2017/7/25,1321,1352.5,1318,1349,6585700,1349
2017/7/26,1348.5,1351.5,1326.5,1345,5790200,1345
2017/7/27,1347.5,1358,1337,1347,6729200,1347
2017/7/28,1334,1359,1332.5,1356,16262700,1356
2017/7/31,1348,1354,1326.5,1348,6351600,1348
2017/8/1,1344.5,1362,1344.5,1349.5,3008300,1349.5
2017/8/2,1349,1352.5,1341,1345,1996800,1345
2017/8/3,1343,1348,1332,1332,3504100,1332
2017/8/4,1333,1353,1327,1341,3725800,1341
2017/8/7,1368.5,1392.5,1357.5,1359,6181700,1359
2017/8/8,1370,1396,1366.5,1380.5,7788000,1380.5
2017/8/9,1375.5,1376.5,1330,1339,7486100,1339
2017/8/10,1338.5,1340,1288,1300,8118500,1300
2017/8/14,1285,1301,1270,1293,5398000,1293
2017/8/15,1299.5,1324.5,1290.5,1314.5,4755400,1314.5
2017/8/16,1311.5,1321.5,1301,1317.5,3716100,1317.5
2017/8/17,1315,1328.5,1312,1321.5,2865100,1321.5
2017/8/18,1301,1311.5,1292,1305.5,4235600,1305.5
2017/8/21,1308.5,1308.5,1283.5,1292.5,3414400,1292.5
2017/8/22,1290,1311,1288,1308.5,3474300,1308.5
2017/8/23,1321.5,1334.5,1312.5,1318,4653000,1318
2017/8/24,1306,1307,1292.5,1293.5,3934100,1293.5
2017/8/25,1293.5,1302,1284,1284.5,3495900,1284.5
2017/8/28,1284.5,1302,1281.5,1290.5,4192400,1290.5
2017/8/29,1277,1291,1265,1288.5,3117500,1288.5
2017/8/30,1300,1314.5,1298,1310,3647800,1310
2017/8/31,1314,1322.5,1303,1305.5,3269300,1305.5
2017/9/1,1309,1310,1296,1304.5,2814400,1304.5
2017/9/4,1300,1307,1290.5,1297.5,2307100,1297.5
2017/9/5,1299,1311,1299,1304.5,3891000,1304.5
2017/9/6,1299,1304,1293.5,1296.5,4211500,1296.5
2017/9/7,1280.5,1309.5,1280,1291.5,4722500,1291.5
2017/9/8,1279,1291,1275.5,1275.5,4809800,1275.5
2017/9/11,1283,1295.5,1282,1286.5,3400100,1286.5
2017/9/12,1276.5,1279.5,1258.5,1268,6477000,1268
2017/9/13,1260,1262,1246.5,1249,6602000,1249
2017/9/14,1244.5,1252,1235.5,1236,4811900,1236
2017/9/15,1222.5,1242,1219,1234.5,5872300,1234.5
2017/9/19,1248.5,1254,1244.5,1250,4934600,1250
2017/9/20,1255,1260.5,1245.5,1250,4474100,1250
2017/9/21,1258,1265.5,1253,1254,3981300,1254
2017/9/22,1260.5,1260.5,1247,1253,3107500,1253
2017/9/25,1254,1257,1245.5,1249,2625700,1249
2017/9/26,1246,1252,1241,1249,5631900,1249
2017/9/27,1245,1246,1218,1223,5578900,1223
2017/9/28,1225,1231.5,1217.5,1230,5790600,1230
2017/9/29,1229.5,1233.5,1223,1227,4057400,1227
2017/10/2,1234,1245.5,1229,1245.5,3584300,1245.5
2017/10/3,1250.5,1258,1249.5,1256,4079100,1256
2017/10/4,1256,1261.5,1235,1237.5,4018600,1237.5
2017/10/5,1241.5,1251,1231.5,1234,2706200,1234
2017/10/6,1236,1251.5,1236,1242,2936500,1242
2017/10/10,1236.5,1264,1235.5,1261,3951000,1261
2017/10/11,1259.5,1259.5,1238.5,1244,3272800,1244
2017/10/12,1247,1248.5,1239,1243,3106300,1243
2017/10/13,1237.5,1255,1236,1251,4070900,1251
2017/10/16,1250,1263.5,1247,1257,2328000,1257
2017/10/17,1263,1274.5,1251.5,1254,3241900,1254
2017/10/18,1260,1271.5,1245,1249.5,3695900,1249.5
2017/10/19,1249.5,1253,1238,1241,3351200,1241
2017/10/20,1234,1241.5,1227.5,1237,2744700,1237
2017/10/23,1247,1252.5,1238,1239.5,3870700,1239.5
2017/10/24,1200,1216,1170,1214.5,12917300,1214.5
2017/10/25,1214,1216.5,1205,1210.5,5453900,1210.5
2017/10/26,1210,1218,1203.5,1211.5,3673500,1211.5
2017/10/27,1215.5,1222,1207,1218.5,3880800,1218.5
2017/10/30,1212,1216.5,1199,1202,6453200,1202
2017/10/31,1210,1223.5,1202.5,1209,6458400,1209
2017/11/1,1208,1210.5,1189,1192.5,8814200,1192.5
2017/11/2,1189.5,1193.5,1172,1175.5,10933800,1175.5
2017/11/6,1180,1190.5,1174,1180.5,6587600,1180.5
2017/11/7,1185,1193.5,1181,1189.5,7500700,1189.5
2017/11/8,1189,1189.5,1175,1180.5,5040600,1180.5
2017/11/9,1189.5,1206.5,1184,1198.5,11560600,1198.5
2017/11/10,1180,1190,1177.5,1185,8661400,1185
2017/11/13,1199.5,1203.5,1196.5,1198,6867600,1198
2017/11/15,1127,1146.5,1119.5,1129.5,12075700,1129.5
2017/11/16,1130,1138,1119.5,1127,5086500,1127
2017/11/17,1133.5,1146.5,1123.5,1134.5,6884800,1134.5
2017/11/20,1125,1136,1123,1133.5,3589900,1133.5
2017/11/21,1140,1154.5,1139.5,1147.5,4760500,1147.5
2017/11/22,1153,1156,1126.5,1128.5,5024600,1128.5
2017/11/24,1129,1134,1124,1130,4032900,1130
2017/11/27,1130.5,1134,1119,1130,4108800,1130
2017/11/28,1135,1138.5,1125,1126.5,3978200,1126.5
2017/11/29,1130.5,1137,1126,1133,4237400,1133
2017/11/30,1140,1151,1135.5,1147.5,6407900,1147.5
2017/12/1,1150,1150,1128.5,1135.5,5314800,1135.5
2017/12/4,1135,1138.5,1130,1132,2372500,1132
2017/12/5,1130,1132.5,1117.5,1128,3651600,1128
2017/12/6,1121,1124.5,1112.5,1113,5949100,1113
2017/12/7,1112,1113.5,1105,1110,6575400,1110
2017/12/8,1116.5,1139.5,1115.5,1130,7557500,1130
2017/12/11,1131.5,1138,1124.5,1137.5,3553300,1137.5
2017/12/12,1140,1140.5,1130,1132.5,2743900,1132.5
2017/12/13,1134.5,1149,1130,1140,4482700,1140
2017/12/14,1145,1145,1084,1084.5,32519800,1084.5
2017/12/15,1065,1066,1011,1025,33330300,1025
2017/12/18,1025,1040,1020,1026,14701200,1026
2017/12/19,1028,1046,1025,1030.5,10039300,1030.5
2017/12/20,1043,1048,1020.5,1020.5,13400700,1020.5
2017/12/21,1023,1028,1018,1020,10235200,1020
2017/12/22,1020,1031.5,1016,1030.5,5050400,1030.5
2017/12/25,1031.5,1031.5,1026,1028.5,4014500,1028.5
2017/12/26,1029,1034,1026.5,1031,5459800,1031
2017/12/27,1032,1048.5,1028.5,1038.5,6648500,1038.5
2017/12/28,1038.5,1048,1031.5,1034.5,6071800,1034.5
2017/12/29,1031.5,1038,1026.5,1032.5,5041400,1032.5
2018/1/4,1044,1044,1024,1032,8289400,1032
2018/1/5,1025.5,1025.5,988,1013.5,15142500,1013.5
2018/1/9,1012.5,1014,1000,1001,17390700,1001
2018/1/10,1009,1017,1006.5,1013.5,7784700,1013.5
2018/1/11,1010.5,1013,1004.5,1008.5,7439400,1008.5
2018/1/12,1005,1006.5,1000,1001.5,9275800,1001.5
2018/1/15,1000,1001,975.7,977.1,23942600,977.1
2018/1/16,976,985.5,960,971.9,27011300,971.9
2018/1/17,960.3,979.6,958,959.5,24875100,959.5
2018/1/18,963,963.2,951.9,956.5,17895400,956.5
2018/1/19,956,964.9,953.3,964.8,8874700,964.8
2018/1/22,970,970.8,961.7,966.3,8177600,966.3
2018/1/23,969.9,971.9,966,970.8,9217900,970.8
2018/1/24,975.6,986.8,971.3,984.6,10453600,984.6
2018/1/25,985.2,985.3,972.6,976.3,8409100,976.3
2018/1/26,978,1037,968.7,1020.5,40965300,1020.5
2018/1/29,1035.5,1045,1007,1013.5,23516300,1013.5
2018/1/30,1021.5,1022,981.2,983,19733000,983
2018/1/31,985,1002.5,980.1,985.8,13084400,985.8
2018/2/1,989.9,994.4,974.1,985.9,8733800,985.9
2018/2/2,985.3,993,981.3,991.5,6270600,991.5
2018/2/5,976.5,990.6,973.2,988.8,9002100,988.8
2018/2/6,958.1,959,907.7,923,23841200,923
2018/2/7,948,978.3,937,939.5,15832200,939.5
2018/2/8,942.4,949.5,935.1,939,7563700,939
2018/2/9,908,942,905,939.7,11937200,939.7
2018/2/13,954.9,955.2,924.4,934.9,12837900,934.9
2018/2/14,953,974,916,918.4,15100000,918.4
2018/2/15,917,927.1,908.5,920,12462200,920
2018/2/16,920,920.4,906.8,909.7,13819600,909.7
2018/2/19,915,938,912.1,938,8917800,938
2018/2/20,934.4,941.4,930.1,938.9,5981500,938.9
2018/2/21,937,938,918.1,924.6,8895700,924.6
2018/2/22,924.2,928,916.6,927.1,6204900,927.1
2018/2/23,921.6,948.9,921.6,947.6,9524800,947.6
2018/2/26,948,963,940.1,950.2,8583900,950.2
2018/2/27,959.8,959.8,935.1,937,8481700,937
2018/2/28,934,983.7,932.4,977.3,20053300,977.3
2018/3/1,970.4,972,948.5,952.4,11494300,952.4
2018/3/2,937.5,938.4,912.6,914.9,14572300,914.9
2018/3/5,910,910.9,899.3,905.1,12559100,905.1
2018/3/6,915,927.1,907.4,918,12559600,918
2018/3/7,913,926.8,909.5,916,10812300,916
2018/3/8,921.5,933.4,916.2,919.3,5732200,919.3
2018/3/9,921.4,930.6,915.3,917.8,8015100,917.8
2018/3/12,926.6,942.2,924.7,932.7,7626000,932.7
2018/3/13,936.9,946.4,929.8,946.4,7581500,946.4
2018/3/14,936.3,938.5,925.6,928.6,7102200,928.6
2018/3/15,928.5,936.9,927.4,931,8099700,931
2018/3/16,930,930,920.3,925.4,7110200,925.4
2018/3/19,923,926.6,906.4,913.4,6350400,913.4
2018/3/20,907.3,913.8,905.3,912.6,6031400,912.6
2018/3/22,913.2,927.6,910.4,912,6927800,912
2018/3/23,900,900.1,870.6,872.5,16609200,872.5
2018/3/26,863,883.6,862.8,880.3,7015800,880.3
2018/3/27,888.8,901.3,881.6,900,6913400,900
2018/3/28,885,900.3,880.6,895.9,8609200,895.9
2018/3/29,885.1,888.7,864.5,872.8,13651200,872.8
2018/3/30,879.5,899.2,878.7,899.1,7165100,899.1
2018/4/2,895,895,881.3,881.6,7245900,881.6
2018/4/3,875,883.2,862.3,868.4,10627800,868.4
2018/4/4,872.8,873.6,851.5,851.7,12434700,851.7
2018/4/5,851,869.7,850.1,865.8,11692400,865.8
2018/4/6,865.5,865.5,852.8,853.1,9485000,853.1
2018/4/9,850.1,851.9,827.8,828.7,15466800,828.7
2018/4/10,824.7,824.9,792.1,800.3,26117800,800.3
2018/4/11,807.1,814.2,798.3,800.6,13124700,800.6
2018/4/12,795,799.3,788,794.1,12158200,794.1
2018/4/13,790,800.6,786,794.1,10916900,794.1
2018/4/16,786.5,792,783,785,12682600,785
2018/4/17,779,783.4,771.3,773,16737300,773
2018/4/18,782.1,795.4,770.7,792.8,17120000,792.8
2018/4/19,790,803.7,784.2,792.5,18633800,792.5
2018/4/20,785.2,790,779,779.3,13123400,779.3
2018/4/23,777,777.7,761.8,767.2,14675300,767.2
2018/4/24,772,779.4,768.1,770,9435900,770
2018/4/25,765,773.1,760,771.4,9057600,771.4
2018/4/26,773.7,774.4,768.4,772.5,10379600,772.5
2018/4/27,780,787.2,776.6,780.2,7861200,780.2
2018/5/1,786.8,802,785.3,799.5,12456300,799.5
2018/5/2,810,821.3,799.6,810.8,15268300,810.8
2018/5/7,821,821.8,803.1,807.6,10036600,807.6
2018/5/8,814.2,814.5,801.8,813.7,6520100,813.7
2018/5/9,810.5,814.3,804.8,807.3,7142200,807.3
2018/5/10,813,821.2,808.8,813.9,6735300,813.9
2018/5/11,795,795.8,765,778.2,18317300,778.2
2018/5/14,781.8,789.7,778.2,786.6,8070700,786.6
2018/5/15,785,789.7,777.5,781.5,8887400,781.5
2018/5/16,777.8,782.3,775.6,778.3,6330600,778.3
2018/5/17,777,778.2,773,777.2,6210000,777.2
2018/5/18,777,783.5,772.9,780.3,6732000,780.3
2018/5/21,782,783.5,778.9,780,5688800,780
2018/5/22,780,780.2,771.2,772,8819500,772
2018/5/23,771.2,773.5,765.3,767.2,9718000,767.2
2018/5/24,766,766.2,751.6,754,12331100,754
2018/5/25,750,750,740.1,742,10422000,742
2018/5/28,739.1,739.1,721.4,722.5,12846200,722.5
2018/5/29,720.3,732,719.5,727.8,7846700,727.8
2018/5/30,720.2,722.9,714.2,719.2,9675700,719.2
2018/5/31,725,735,722.1,731.6,18090300,731.6
2018/6/1,729.3,729.5,716,718.6,9455000,718.6
2018/6/4,720,722.1,715.1,716.6,8014500,716.6
2018/6/5,712.9,715.8,707.8,711.2,8808500,711.2
2018/6/6,708.8,725.7,707.1,716.9,9876900,716.9
2018/6/7,720.1,721.4,709.2,713.4,8073500,713.4
2018/6/8,707.6,719.3,705.1,710.9,9972000,710.9
2018/6/11,709.9,713.4,706.4,709.6,6516600,709.6
2018/6/12,712.5,725.9,710,720.7,11215900,720.7
2018/6/13,726.4,744.5,725.7,738,11805300,738
2018/6/14,746,763.2,742.2,751.2,18330300,751.2
2018/6/15,748,753.1,725.2,727.6,14488700,727.6
2018/6/18,724.9,725.6,708.8,719.9,9812700,719.9
2018/6/19,716,723.1,705.7,705.7,9184600,705.7
2018/6/20,710,711.9,700,709.1,8705600,709.1
2018/6/21,709.9,717.7,707,710.6,6448500,710.6
2018/6/22,701.2,706.4,700.4,704.4,6372800,704.4
2018/6/25,704,714.7,702.5,708.4,5795300,708.4
2018/6/26,705.2,716.1,701.3,715.1,5641600,715.1
2018/6/27,719,721.7,708.6,711.2,6992100,711.2
2018/6/28,711.8,721.4,705,706.9,7721700,706.9
2018/6/29,715,749.7,713.3,749.4,18239600,749.4
2018/7/2,745.4,753,725.1,725.9,13606300,725.9
2018/7/3,729.9,736.4,713.4,718.7,8137700,718.7
2018/7/4,715,720.7,707.4,719.3,5062400,719.3
2018/7/5,725,732.6,715.4,720.3,6096300,720.3
2018/7/6,735,748.9,733,736,9794800,736
2018/7/9,742,760,733.2,760,9953400,760
2018/7/10,776.3,806.6,775.3,797.2,25112300,797.2
2018/7/11,789,812.8,771.2,792.4,18818800,792.4
2018/7/12,789.9,791,766.9,779,12869800,779
2018/7/13,780,787.3,776.3,782.8,9453800,782.8
2018/7/17,799.9,812.1,792,800.8,13813100,800.8
2018/7/18,815.8,818,803,806.6,10551500,806.6
2018/7/19,813.4,815,805.6,807.6,8774000,807.6
2018/7/20,807,807,797,800.6,7782400,800.6
2018/7/23,796,809.4,793,807.4,6302200,807.4
2018/7/24,806.3,807,770.3,773.7,19114700,773.7
2018/7/25,779.6,789.9,777.4,782.3,8325500,782.3
2018/7/26,787.7,791,782.8,789.5,7204200,789.5
2018/7/27,781.4,788.9,776.3,776.6,8899300,776.6
2018/7/30,777.8,786.5,775.9,777.1,10855600,777.1
2018/7/31,781.8,787.9,776.3,786.9,15211600,786.9
2018/8/1,792,797.6,776.4,781.9,9012700,781.9
2018/8/2,780,780.9,762,765,11702600,765
2018/8/3,759,762.7,744.3,744.6,10880900,744.6
2018/8/6,746.2,771,746.1,766.4,10292200,766.4
2018/8/7,820,829.8,798,818.2,39770900,818.2
2018/8/8,817.8,818.8,777,777.8,20479300,777.8
2018/8/9,778.7,792.4,774,778,11856600,778
2018/8/10,781,801.8,779.2,796.9,12831900,796.9
2018/8/13,789.9,796.2,775.2,786.4,8946300,786.4
2018/8/14,791.1,795.3,782.7,787.8,6758500,787.8
2018/8/15,792,799.3,787.6,794.5,6265800,794.5
2018/8/16,787.4,788.2,776.5,778,8730700,778
2018/8/17,784.8,792.9,779.5,788.6,4968200,788.6
2018/8/20,782,788.2,776.5,784.8,5312800,784.8
2018/8/21,781.2,781.2,756.2,756.6,13306900,756.6
2018/8/22,748.8,757.8,726,755.6,12770400,755.6
2018/8/23,761.9,772.1,759.9,764.2,7226100,764.2
2018/8/24,762.8,779.9,753.1,779.8,8449300,779.8
2018/8/27,786.9,809.6,786.5,808.7,16528700,808.7
2018/8/28,809,814,800.1,800.4,9354500,800.4
2018/8/29,803,828.6,801.1,824.8,16888500,824.8
2018/8/30,819,841.1,818.7,838.8,15495500,838.8
2018/8/31,838,852,831,849.9,10595300,849.9
2018/9/3,864.9,864.9,843,853.5,9275800,853.5
2018/9/4,847.4,847.8,816.5,827.7,16359300,827.7
2018/9/5,823.3,839,822.4,831.2,9781500,831.2
2018/9/6,822,827.2,802.7,803,9770900,803
2018/9/7,803,812.4,795,808.5,6404800,808.5
2018/9/10,800,811.7,798.5,808.8,5721600,808.8
2018/9/11,816,819.3,805.1,807.2,5603500,807.2
2018/9/12,810,820.4,808.3,816.3,5812800,816.3
2018/9/13,819,824.8,814.3,814.3,6450900,814.3
2018/9/14,822.3,824.6,815.7,823.9,6371400,823.9
2018/9/18,824,857.6,817.4,845.9,14269400,845.9
2018/9/19,860,862.9,838.5,840.6,9420900,840.6
2018/9/20,846.2,860,836.4,856.5,9866300,856.5
2018/9/21,861,868,843.9,858.7,12864300,858.7
2018/9/25,857,875,855,873,10233100,873
2018/9/26,876,886.2,864.3,883.1,8344900,883.1
2018/9/27,882.8,887.5,865,865.2,9338900,865.2
2018/9/28,873.4,877.9,868.2,870.8,8257700,870.8
2018/10/1,870.8,870.8,852,859.8,7517900,859.8
2018/10/2,863.3,876.1,862,865.8,8282700,865.8
2018/10/3,860.3,868,854,856.2,7536200,856.2
2018/10/4,858.3,868.6,856.3,858.7,6475000,858.7
2018/10/5,850.2,859.9,850.2,852,4879400,852
2018/10/9,852.5,852.6,821,824.4,9652200,824.4
2018/10/10,834,840.8,828.1,833.2,6301700,833.2
2018/10/11,795,816.1,791.8,806.1,11065300,806.1
2018/10/12,800.7,822.2,800,821.3,8085300,821.3
2018/10/15,824,826.6,809.1,810.2,7893000,810.2
2018/10/16,812,821.5,811.2,817.9,5524900,817.9
2018/10/17,828.2,835.5,825,828.8,5569500,828.8
2018/10/18,828.8,845,828.8,843,6313900,843
2018/10/19,819.1,823.8,784.1,792.8,20657400,792.8
2018/10/22,777.8,779.8,760.2,772.6,19680000,772.6
2018/10/23,774,786.3,767.6,768.4,8539900,768.4
2018/10/24,771.6,775.8,759,769,7187300,769
2018/10/25,748,752.5,742.2,745.4,9242900,745.4
2018/10/26,752,756.8,736.8,739.8,7260200,739.8
2018/10/29,744.4,756.3,740.2,742.1,6080300,742.1
2018/10/30,735.2,752.9,733.5,751.4,8380200,751.4
2018/10/31,757,764,747,764,5534700,764
2018/11/1,734,830,707,787,37544400,787
2018/11/2,799,849,788,816,29714300,816
2018/11/5,820,869,816,860,18010100,860
2018/11/6,864,893,859,888,18173700,888
2018/11/7,888,913,880,883,17106200,883
2018/11/8,905,910,895,901,10936500,901
2018/11/9,908,930,903,930,17530900,930
2018/11/12,930,949,919,934,13592400,934
2018/11/13,905,927,897,923,11264300,923
2018/11/14,919,930,916,927,7013300,927
2018/11/15,927,950,923,950,8837700,950
2018/11/16,950,952,930,940,10633000,940
2018/11/19,938,942,933,940,4903400,940
2018/11/20,923,930,899,916,10012100,916
2018/11/21,897,924,895,918,7488300,918
2018/11/22,914,926,910,919,5971900,919
2018/11/26,919,932,918,927,4810400,927
2018/11/27,937,945,933,941,7270100,941
2018/11/28,950,967,945,945,9259800,945
2018/11/29,950,958,916,922,8666500,922
2018/11/30,927,931,908,914,7724400,914
2018/12/3,924,933,914,930,5046600,930
2018/12/4,930,930,877,881,12785300,881
2018/12/5,867,891,864,885,6689300,885
2018/12/6,881,889,865,871,6020100,871
2018/12/7,886,895,875,892,6866900,892
2018/12/10,877,879,859,859,5922500,859
2018/12/11,856,859,844,857,5785100,857
2018/12/12,867,876,862,871,5588500,871
2018/12/13,884,888,872,877,4244400,877
2018/12/14,870,877,844,845,9411600,845
2018/12/17,838,849,831,845,4611900,845
2018/12/18,825,834,818,826,6400200,826
2018/12/19,829,832,820,827,5378700,827
2018/12/20,815,816,776,781,9480700,781
2018/12/21,777,783,763,774,11423400,774
2018/12/25,734,740,714,717,10077800,717
2018/12/26,728,742,711,724,7459000,724
2018/12/27,766,768,740,747,8413600,747
2018/12/28,740,746,732,736,5906600,736
2019/1/4,713,732,710,726,8012800,726
2019/1/7,752,774,745,765,9927000,765
2019/1/8,770,785,769,783,10726200,783
2019/1/9,800,807,797,798,6418100,798
2019/1/10,791,810,790,809,6712900,809
2019/1/11,812,829,810,828,7280600,828
2019/1/15,824,846,820,845,6893200,845
2019/1/16,844,847,831,846,5069000,846
2019/1/17,850,852,836,838,6065900,838
2019/1/18,835,842,826,838,5027300,838
2019/1/21,846,855,843,843,4114000,843
2019/1/22,844,844,827,830,4364900,830
2019/1/23,817,847,816,839,5573500,839
2019/1/24,830,853,829,852,5203100,852
2019/1/25,859,860,850,855,4102300,855
2019/1/28,856,858,839,839,4062900,839
2019/1/29,830,847,826,846,4081600,846
2019/1/30,850,853,832,835,5023800,835
2019/1/31,832,835,803,819,9888800,819
2019/2/1,812,815,799,802,7254000,802
2019/2/4,806,817,803,809,4942000,809
2019/2/5,820,824,814,821,3932400,821
2019/2/6,825,831,823,829,4682100,829
2019/2/7,827,828,808,809,4890900,809
2019/2/8,800,802,794,794,4985100,794
2019/2/12,800,819,799,816,7254700,816
2019/2/13,855,868,811,813,16490900,813
2019/2/14,803,820,801,805,6527400,805
2019/2/15,793,800,788,792,7852500,792
2019/2/18,801,804,798,799,5186200,799
2019/2/19,799,801,795,796,5425500,796
2019/2/20,796,803,796,800,4900700,800
2019/2/21,812,845,808,838,15164400,838
2019/2/22,840,850,830,840,6833900,840
2019/2/25,850,852,834,836,4339200,836
2019/2/26,842,853,842,850,6070400,850
2019/2/27,855,885,851,877,11682700,877
2019/2/28,885,889,869,876,6982500,876
2019/3/1,880,894,877,884,6887000,884
2019/3/4,922,943,905,940,20665500,940
2019/3/5,925,938,921,922,11325200,922
2019/3/6,927,958,927,948,15521500,948
2019/3/7,953,964,941,949,10633200,949
2019/3/8,936,946,915,928,11939100,928
2019/3/11,933,936,911,927,6100500,927
2019/3/12,939,953,922,928,11007500,928
2019/3/13,930,945,928,943,7155200,943
2019/3/14,957,977,949,969,15428100,969
2019/3/15,974,978,960,963,6873800,963
2019/3/18,970,995,969,991,12926100,991
2019/3/19,997,1003,963,971,18430000,971
2019/3/20,981,1018,967,1011,22479800,1011
2019/3/22,1015,1040,1012,1040,20905300,1040
2019/3/25,1026,1036,1009,1033,13763000,1033
2019/3/26,1042,1070,1041,1047,19269100,1047
2019/3/27,1054,1062,1025,1044,13576000,1044
2019/3/28,1040,1046,1023,1028,11067400,1028
2019/3/29,1057,1066,1030,1048,16314700,1048
2019/4/1,1063,1064,998,1008,25813900,1008
2019/4/2,995,996,948,962,23937900,962
2019/4/3,971,993,966,971,12928000,971
2019/4/4,973,1009,968,994,15862900,994
2019/4/5,1008,1060,1007,1060,27367200,1060
2019/4/8,1070,1113,1070,1090,34994700,1090
2019/4/9,1090,1119,1083,1114,25314600,1114
2019/4/10,1121,1175,1107,1124,60751500,1124
2019/4/11,1084,1096,1065,1077,24613800,1077
2019/4/12,1089,1100,1068,1089,13739700,1089
2019/4/15,1096,1099,1058,1073,16123800,1073
2019/4/16,1048,1075,1031,1064,14377800,1064
2019/4/17,1124,1178,1107,1174,39022400,1174
2019/4/18,1196,1229,1183,1196,41381500,1196
2019/4/19,1209,1232,1194,1220,22165200,1220
2019/4/22,1218,1237,1214,1224,13349400,1224
2019/4/23,1202,1207,1154,1173,19844000,1173
2019/4/24,1184,1213,1176,1208,16966500,1208
2019/4/25,1207,1223,1198,1218,10872200,1218
2019/4/26,1200,1238,1199,1235,15253700,1235
2019/5/7,1241,1247,1183,1200,18610400,1200
2019/5/8,1180,1218,1175,1201,14867700,1201
2019/5/9,1176,1178,1115,1121,23492800,1121
2019/5/10,1133,1163,1130,1146,13379100,1146
2019/5/13,1117,1173,1103,1119,16822700,1119
2019/5/14,1064,1097,1044,1086,18199900,1086
2019/5/15,1116,1138,1104,1110,12826700,1110
2019/5/16,1102,1116,1095,1107,7158100,1107
2019/5/17,1107,1110,1083,1087,8739100,1087
2019/5/20,1085,1100,1077,1095,6390300,1095
2019/5/21,1087,1122,1087,1098,9173600,1098
2019/5/22,1113,1120,1101,1108,6176200,1108
2019/5/23,1101,1120,1083,1089,7348300,1089
2019/5/24,1072,1140,1070,1138,11210300,1138
2019/5/27,1134,1158,1130,1151,9307100,1151
2019/5/28,1169,1183,1125,1150,11435600,1150
2019/5/29,1153,1160,1130,1150,6691700,1150
2019/5/30,1135,1155,1104,1113,10436000,1113
2019/5/31,1102,1153,1102,1135,11304900,1135
2019/6/3,1111,1129,1102,1113,7334100,1113
2019/6/4,1117,1131,1097,1118,8618300,1118
2019/6/5,1140,1144,1105,1116,9089100,1116
2019/6/6,1141,1199,1133,1168,21739600,1168
2019/6/7,1155,1177,1152,1173,8197700,1173
2019/6/10,1200,1217,1188,1195,12480500,1195
2019/6/11,1195,1214,1195,1214,8127200,1214
2019/6/12,1220,1232,1198,1201,10121800,1201
2019/6/13,1211,1215,1197,1210,7612500,1210
2019/6/14,1224,1227,1203,1225,9490800,1225
2019/6/17,1221,1279,1221,1276,23609600,1276
2019/6/18,1276,1289,1248,1258,13955200,1258
2019/6/19,1280,1289,1259,1260,8199000,1260
2019/6/20,1264,1291,1251,1283,11415400,1283
2019/6/21,1277,1283,1263,1269,14342100,1269
2019/6/24,1265,1293,1265,1293,8589400,1293
2019/6/25,1295,1313,1277,1282,13616300,1282
2019/6/26,1275,1285,1258,1278,6864400,1278
2019/6/27,1286,1288,1264,1277,7300100,1277
2019/6/28,1271,1283,1268,1280,8144900,1280
2019/7/1,1292,1296,1215,1253,18895300,1253
2019/7/2,1256,1260,1236,1243,9211000,1243
2019/7/3,1225,1231,1205,1218,9027800,1218
2019/7/4,1225,1241,1217,1231,7205600,1231
2019/7/5,1209,1216,1170,1193,14226300,1193
2019/7/8,1190,1208,1185,1187,5851400,1187
2019/7/9,1191,1202,1184,1194,7011800,1194
2019/7/10,1195,1198,1163,1169,10393800,1169
2019/7/11,1172,1194,1152,1190,8926100,1190
2019/7/12,1189,1191,1156,1156,8371000,1156
2019/7/16,1162,1187,1147,1174,8372000,1174
2019/7/17,1166,1184,1159,1162,7396000,1162
2019/7/18,1153,1154,1123,1125,8512900,1125
2019/7/19,1127,1139,1120,1132,5230200,1132
2019/7/22,1129,1139,1120,1132,4279100,1132
2019/7/23,1127,1142,1122,1132,3931900,1132
2019/7/24,1140,1147,1131,1135,4611300,1135
2019/7/25,1133,1147,1131,1135,4885500,1135
2019/7/26,1144,1151,1118,1123,6067900,1123
2019/7/29,1125,1134,1115,1134,4974900,1134
2019/7/30,1143,1168,1140,1166,7447100,1166
2019/7/31,1154,1156,1116,1116,11625000,1116
2019/8/1,1075,1123,1064,1123,7701000,1123
2019/8/2,1095,1104,1075,1085,11090200,1085
2019/8/5,1072,1073,1034,1051,10987500,1051
2019/8/6,990,1064,986,1058,12950800,1058
2019/8/7,1046,1056,1030,1050,6789000,1050
2019/8/8,1064,1075,1034,1037,10110400,1037
2019/8/9,1075,1075,1031,1047,8944700,1047
2019/8/13,1038,1055,1028,1042,7040900,1042
2019/8/14,1048,1058,1037,1043,6846600,1043
2019/8/15,1005,1024,1003,1015,8415200,1015
2019/8/16,1003,1023,1000,1011,7694800,1011
2019/8/19,1012,1021,1000,1017,6465700,1017
2019/8/20,1019,1039,1012,1025,5586000,1025
2019/8/21,1019,1030,1015,1020,5081200,1020
2019/8/22,1020,1029,1013,1015,4114800,1015
2019/8/23,1015,1019,1008,1012,4465400,1012
2019/8/26,991,1012,987,1009,5603400,1009
2019/8/27,1008,1014,993,994,9557200,994
2019/8/28,990,990,928,932,18552700,932
2019/8/29,928,959,926,954,12317600,954
2019/8/30,983,1005,966,1001,18948300,1001
2019/9/2,1005,1034,996,1016,12800300,1016
2019/9/3,1011,1022,1008,1019,5100800,1019
2019/9/4,1028,1044,1005,1011,8627200,1011
2019/9/5,1010,1053,1000,1038,10681400,1038
2019/9/6,1013,1019,966,984,28309900,984
2019/9/9,970,1027,958,1025,14368900,1025
2019/9/10,1027,1052,1017,1026,11298600,1026
2019/9/11,1026,1033,1007,1014,9178200,1014
2019/9/12,1013,1014,982,985,12639000,985
2019/9/13,995,1006,989,1000,10201400,1000
2019/9/17,1009,1063,1005,1060,17650700,1060
2019/9/18,1065,1074,1036,1043,9725800,1043
2019/9/19,1040,1042,1016,1016,10868200,1016
2019/9/20,1022,1059,1020,1056,12357600,1056
2019/9/24,1061,1073,1050,1063,9040700,1063
2019/9/25,1051,1064,1047,1054,7263100,1054
2019/9/26,1067,1076,1063,1075,8347300,1075
2019/9/27,1077,1092,1058,1064,11832600,1064
2019/9/30,1053,1066,1049,1065,5794700,1065
2019/10/1,1071,1099,1066,1093,9078300,1093
2019/10/2,1066,1075,1034,1041,13824900,1041
2019/10/3,1016,1026,1007,1019,9467900,1019
2019/10/4,1024,1033,1016,1023,6014900,1023
2019/10/7,1033,1042,1026,1036,4727500,1036
2019/10/8,1040,1049,1034,1044,4762800,1044
2019/10/9,1026,1032,1012,1016,6637200,1016
2019/10/10,1010,1017,989,1013,8741800,1013
2019/10/11,1022,1023,1008,1009,6117100,1009
2019/10/15,1004,1011,998,1007,8545100,1007
2019/10/16,1016,1021,1009,1011,7342500,1011
2019/10/17,1014,1038,1014,1030,8068600,1030
2019/10/18,1035,1066,1034,1055,10410600,1055
2019/10/21,1064,1077,1053,1064,6175900,1064
2019/10/23,1042,1050,1016,1040,8213300,1040
2019/10/24,1054,1072,1043,1043,7139500,1043
2019/10/25,1044,1048,1034,1042,4657900,1042
2019/10/28,1045,1045,1032,1033,3609600,1033
2019/10/29,1040,1054,1038,1049,4630500,1049
2019/10/30,1045,1049,1032,1038,5142900,1038
2019/10/31,1040,1049,1036,1038,3823400,1038
2019/11/1,1028,1036,1021,1024,5606900,1024
2019/11/5,1031,1038,1018,1035,6151200,1035
2019/11/6,1027,1059,1025,1045,10042600,1045
2019/11/7,1045,1067,1045,1066,7936900,1066
2019/11/8,1056,1064,1013,1018,22128400,1018
2019/11/11,1014,1018,992,996,11029900,996
2019/11/12,995,995,977,978,8758500,978
2019/11/13,971,991,964,990,9257600,990
2019/11/14,956,957,925,933,24316500,933
2019/11/15,930,952,929,939,8969900,939
2019/11/18,940,952,933,945,7573200,945
2019/11/19,943,958,942,956,6948000,956
2019/11/20,964,984,962,981,10560300,981
2019/11/21,978,979,956,966,9225600,966
2019/11/22,961,962,942,943,9683400,943
2019/11/25,939,948,928,935,12778600,935
2019/11/26,944,959,940,940,10033200,940
2019/11/27,937,944,935,935,5406700,935
2019/11/28,940,957,940,956,7171500,956
2019/11/29,966,967,946,949,6677400,949
2019/12/2,942,948,938,942,6770900,942
2019/12/3,933,946,932,943,5907700,943
2019/12/4,940,941,927,934,9488000,934
2019/12/5,932,933,913,913,12309800,913
2019/12/6,909,919,900,915,8729700,915
2019/12/9,913,918,905,918,5598100,918
2019/12/10,918,927,913,919,6436100,919
2019/12/11,919,929,917,925,5840100,925
2019/12/12,932,941,930,931,7265800,931
2019/12/13,941,942,931,933,7607100,933
2019/12/16,931,947,930,937,7912000,937
2019/12/17,946,947,933,940,5420700,940
2019/12/18,936,941,925,929,7329200,929
2019/12/19,922,940,919,934,8045400,934
2019/12/20,939,964,935,963,14491500,963
2019/12/23,974,979,961,971,8072800,971
2019/12/24,969,978,967,969,5109200,969
2019/12/25,973,973,943,947,6782000,947
2019/12/26,947,952,936,940,6301900,940
2019/12/27,945,950,941,945,5657600,945
2019/12/30,940,942,932,935,5207800,935
2020/1/6,928,933,918,920,7622300,920
2020/1/7,932,944,927,934,11299200,934
2020/1/8,925,928,907,918,9332800,918
2020/1/9,930,931,922,924,6469900,924
2020/1/10,922,925,918,920,5547400,920
2020/1/14,922,923,915,918,4900900,918
2020/1/15,915,916,910,912,5502200,912
2020/1/16,916,940,915,933,10643000,933
2020/1/17,938,941,929,935,7974100,935
2020/1/20,938,945,935,935,5230900,935
2020/1/21,935,936,921,924,4826800,924
2020/1/22,919,926,916,921,4450600,921
2020/1/23,914,914,883,886,20851900,886
2020/1/24,886,900,880,890,8981000,890
2020/1/27,871,882,868,875,6956500,875
2020/1/28,865,876,863,874,5641600,874
2020/1/29,874,876,868,874,7791900,874
2020/1/30,874,878,839,845,13842300,845
2020/1/31,852,875,848,856,8729400,856
2020/2/3,828,850,828,847,7609300,847
2020/2/4,853,860,844,857,7276700,857
2020/2/5,870,874,860,869,5674000,869
2020/2/6,874,882,868,870,8525900,870
2020/2/7,874,875,866,874,4798100,874
2020/2/10,869,876,848,861,11256000,861
2020/2/12,861,877,856,874,10757600,874
2020/2/13,884,885,872,874,7566700,874
2020/2/14,876,912,876,905,16816300,905
2020/2/17,900,933,897,930,12856700,930
2020/2/18,927,938,916,933,11056200,933
2020/2/19,943,949,935,942,11191100,942
2020/2/20,950,960,944,948,10382000,948
2020/2/21,950,997,950,987,20693900,987
2020/2/25,951,988,947,980,16744100,980
2020/2/26,981,992,970,988,15184800,988
2020/2/27,985,986,941,946,17174600,946
2020/2/28,916,919,888,903,19182300,903
2020/3/2,890,930,877,891,20731100,891
2020/3/3,930,934,886,887,15490300,887
2020/3/4,887,901,865,895,12335300,895
2020/3/5,900,927,897,923,15084400,923
2020/3/6,903,904,854,868,18600500,868
2020/3/9,825,833,767,780,22021900,780
2020/3/10,754,789,701,778,19457200,778
2020/3/11,785,798,760,762,11313400,762
2020/3/12,732,755,711,720,18565800,720
2020/3/13,658,693,640,672,19876100,672
2020/3/16,690,711,669,672,13753500,672
2020/3/17,652,698,636,683,18557200,683
2020/3/18,696,733,681,709,18043700,709
2020/3/19,722,733,701,702,18212200,702
2020/3/23,729,741,714,728,12582100,728
2020/3/24,758,786,749,782,12888700,782
2020/3/25,820,833,815,830,11772700,830
2020/3/26,809,826,800,822,9129500,822
2020/3/27,833,840,795,809,12957300,809
2020/3/30,788,824,786,824,7955700,824
2020/3/31,843,848,813,820,8168000,820
2020/4/1,806,812,777,784,9431100,784
2020/4/2,769,789,764,773,8537000,773
2020/4/3,778,784,752,758,6856000,758
2020/4/6,762,804,759,800,10112100,800
2020/4/7,830,860,824,856,15074000,856
2020/4/8,863,871,838,865,10617300,865
2020/4/9,881,891,871,884,9046600,884
2020/4/10,891,895,872,894,6737300,894
2020/4/13,884,896,878,881,5361300,881
2020/4/14,888,910,882,904,7151200,904
2020/4/15,914,923,894,899,7998100,899
2020/4/16,892,919,888,917,7855100,917
2020/4/17,930,935,923,934,8005600,934
2020/4/20,919,945,909,930,8678800,930
2020/4/21,933,936,904,913,6844300,913
2020/4/22,898,901,885,896,6599200,896
2020/4/23,908,914,902,913,4998100,913
2020/4/24,906,915,904,910,4006100,910
2020/4/27,918,923,903,917,5209700,917
2020/4/28,919,933,915,931,6419200,931
2020/4/30,945,950,916,916,8105100,916
2020/5/1,908,917,900,914,5404500,914
2020/5/7,913,945,910,945,11106700,945
2020/5/8,955,964,944,956,10497300,956
2020/5/11,965,995,962,993,13754700,993
2020/5/12,991,1011,986,986,8848200,986
2020/5/13,986,1002,976,1001,11117300,1001
2020/5/14,1010,1040,959,969,17235300,969
2020/5/15,959,1004,957,997,13021400,997
2020/5/18,1012,1022,986,992,7575700,992
2020/5/20,999,1002,983,990,5845200,990
2020/5/21,992,1005,989,990,6870400,990
2020/5/22,995,1001,985,990,6672900,990
2020/5/25,999,1000,980,983,5880400,983
2020/5/26,989,990,955,969,10410900,969
2020/5/27,970,994,970,987,8742200,987
2020/5/28,997,1032,996,1030,21289700,1030
2020/5/29,1014,1028,976,976,19096300,976
2020/6/1,991,1000,985,995,7479100,995
2020/6/2,998,1013,998,1000,7069200,1000
2020/6/3,1008,1013,986,992,9816200,992
2020/6/4,1003,1008,984,994,7453200,994
2020/6/5,990,994,967,977,8978700,977
2020/6/8,983,989,971,978,6743500,978
2020/6/9,980,988,968,974,5114300,974
2020/6/10,975,980,970,973,5203800,973
2020/6/11,966,969,947,952,8551500,952
2020/6/12,937,974,923,971,12741000,971
2020/6/15,955,966,921,923,9338800,923
2020/6/16,930,950,928,949,8973100,949
2020/6/17,948,956,935,953,5637200,953
2020/6/18,943,947,922,935,6539200,935
2020/6/19,936,937,923,932,6901000,932
2020/6/22,930,940,925,937,4132800,937
2020/6/23,948,964,943,960,8453500,960
2020/6/24,956,978,948,971,9117200,971
2020/6/25,974,1000,972,998,12484100,998
2020/6/29,974,977,954,960,5895700,960
2020/6/30,983,984,943,948,7576200,948
2020/7/1,956,979,950,953,7246200,953
2020/7/2,968,970,951,956,6747600,956
2020/7/3,958,961,933,943,6067000,943
2020/7/6,940,970,938,962,5723000,962
2020/7/7,975,1011,973,1000,14779000,1000
2020/7/8,997,1007,989,992,6194400,992
2020/7/9,994,1007,986,1004,6887100,1004
2020/7/10,1006,1008,983,988,6826200,988
2020/7/14,990,996,963,976,8920500,976
2020/7/15,980,984,967,976,4237800,976
2020/7/16,983,985,965,972,5826800,972
2020/7/17,974,989,972,979,6617600,979
2020/7/21,1000,1046,996,1004,18111600,1004
2020/7/22,999,1003,983,994,8295900,994
2020/7/27,990,1004,979,1004,5934900,1004
2020/7/28,1005,1024,1005,1010,8041100,1010
2020/7/29,1000,1005,980,987,6449500,987
2020/7/30,1002,1004,980,982,5614100,982
2020/7/31,992,992,965,965,7153200,965
2020/8/3,975,1028,975,1026,11982800,1026
2020/8/4,1039,1078,1038,1068,15040100,1068
2020/8/5,1060,1071,1043,1057,6263500,1057
2020/8/6,1048,1055,1034,1034,6043400,1034
2020/8/7,1043,1055,1039,1054,7826400,1054
2020/8/12,1025,1040,975,983,25218600,983
2020/8/13,999,1002,968,974,14026800,974
2020/8/14,972,991,969,982,8416100,982
2020/8/17,976,983,971,972,5666600,972
2020/8/18,970,971,950,954,7312400,954
2020/8/19,952,957,945,949,6852200,949
2020/8/20,950,950,927,930,7836200,930
2020/8/21,941,953,932,945,10082100,945
2020/8/24,940,942,930,941,4806100,941
2020/8/25,943,951,939,940,5707600,940
2020/8/26,939,940,925,926,6387100,926
