,9531 東証1部 東京ガス(株)（電気・ガス業）,Unnamed: 1,Unnamed: 2,Unnamed: 3,Unnamed: 4,Unnamed: 5
2013-01-04,401,408,400,406,13425000,2030
2013-01-07,410,412,405,410,12006000,2050
2013-01-08,412,414,409,414,12390000,2070
2013-01-09,410,418,409,415,14486000,2075
2013-01-10,417,421,412,413,19697000,2065
2013-01-11,414,418,411,413,11009000,2065
2013-01-15,416,423,416,423,9205000,2115
2013-01-16,424,432,424,428,14660000,2140
2013-01-17,432,435,429,434,14635000,2170
2013-01-18,432,434,430,434,9744000,2170
2013-01-21,435,438,430,433,9869000,2165
2013-01-22,433,438,428,430,11583000,2150
2013-01-23,430,437,427,431,9918000,2155
2013-01-24,429,430,425,429,9279000,2145
2013-01-25,430,435,430,434,9061000,2170
2013-01-28,435,437,434,435,8313000,2175
2013-01-29,434,439,433,435,8850000,2175
2013-01-30,434,435,429,430,9243000,2150
2013-01-31,433,435,427,431,12416000,2155
2013-02-01,430,434,430,432,6597000,2160
2013-02-04,432,433,426,427,6721000,2135
2013-02-05,426,429,421,423,7642000,2115
2013-02-06,426,438,425,438,11371000,2190
2013-02-07,436,438,432,435,12382000,2175
2013-02-08,434,438,432,434,9266000,2170
2013-02-12,437,445,437,440,8837000,2200
2013-02-13,439,440,431,434,7794000,2170
2013-02-14,433,437,431,431,5483000,2155
2013-02-15,435,439,430,434,12256000,2170
2013-02-18,432,447,431,446,13205000,2230
2013-02-19,445,448,441,442,5146000,2210
2013-02-20,448,459,448,457,12571000,2285
2013-02-21,455,457,446,448,10519000,2240
2013-02-22,445,451,444,449,9068000,2245
2013-02-25,454,456,450,453,7895000,2265
2013-02-26,447,454,447,447,9405000,2235
2013-02-27,446,449,442,442,6688000,2210
2013-02-28,446,448,444,448,7284000,2240
2013-03-01,464,475,464,466,22339000,2330
2013-03-04,466,484,466,479,18539000,2395
2013-03-05,477,482,472,474,10661000,2370
2013-03-06,473,485,471,481,13638000,2405
2013-03-07,485,490,479,488,11778000,2440
2013-03-08,485,485,477,483,20388000,2415
2013-03-11,483,488,479,486,10884000,2430
2013-03-12,487,489,482,486,7853000,2430
2013-03-13,484,486,480,484,8035000,2420
2013-03-14,485,491,483,491,7871000,2455
2013-03-15,486,500,485,500,14667000,2500
2013-03-18,494,495,486,488,8780000,2440
2013-03-19,488,500,488,499,11082000,2495
2013-03-21,501,515,500,501,12121000,2505
2013-03-22,505,523,500,500,11155000,2500
2013-03-25,504,507,501,501,7039000,2505
2013-03-26,499,511,497,508,14192000,2540
2013-03-27,499,508,498,504,10124000,2520
2013-03-28,506,510,501,508,9631000,2540
2013-03-29,509,514,504,514,11166000,2570
2013-04-01,513,514,495,495,11968000,2475
2013-04-02,501,501,485,493,12973000,2465
2013-04-03,492,503,488,501,13418000,2505
2013-04-04,499,517,492,517,18683000,2585
2013-04-05,523,547,512,516,23134000,2580
2013-04-08,525,535,511,521,12947000,2605
2013-04-09,510,517,505,513,14519000,2565
2013-04-10,517,523,514,517,14185000,2585
2013-04-11,521,526,518,525,14244000,2625
2013-04-12,524,532,519,528,21433000,2640
2013-04-15,531,541,529,539,18710000,2695
2013-04-16,530,547,524,543,24191000,2715
2013-04-17,550,551,534,544,14127000,2720
2013-04-18,548,553,540,541,10713000,2705
2013-04-19,541,546,531,544,11931000,2720
2013-04-22,550,554,541,542,8802000,2710
2013-04-23,543,554,542,548,10795000,2740
2013-04-24,553,554,536,541,13096000,2705
2013-04-25,536,547,536,545,6734000,2725
2013-04-26,545,562,543,546,19060000,2730
2013-04-30,556,569,552,556,14477000,2780
2013-05-01,556,571,552,566,13654000,2830
2013-05-02,568,574,563,570,8093000,2850
2013-05-07,574,584,572,583,12128000,2915
2013-05-08,582,593,577,585,11527000,2925
2013-05-09,585,587,580,582,10473000,2910
2013-05-10,588,591,586,589,13981000,2945
2013-05-13,592,611,591,604,17959000,3020
2013-05-14,606,613,601,603,18082000,3015
2013-05-15,603,618,598,616,16730000,3080
2013-05-16,620,626,611,613,15551000,3065
2013-05-17,615,620,611,616,12719000,3080
2013-05-20,630,640,623,627,19248000,3135
2013-05-21,632,634,621,628,15102000,3140
2013-05-22,626,633,622,627,10609000,3135
2013-05-23,630,641,593,595,19025000,2975
2013-05-24,595,615,579,596,21708000,2980
2013-05-27,588,589,563,568,23789000,2840
2013-05-28,558,569,547,558,20705000,2790
2013-05-29,577,588,569,579,17811000,2895
2013-05-30,570,571,545,548,19113000,2740
2013-05-31,558,559,544,545,16873000,2725
2013-06-03,546,556,539,542,13775000,2710
2013-06-04,543,548,526,546,15683000,2730
2013-06-05,545,550,522,523,16836000,2615
2013-06-06,515,521,506,520,26887000,2600
2013-06-07,508,520,500,512,20962000,2560
2013-06-10,525,537,509,513,21654000,2565
2013-06-11,523,527,513,516,20649000,2580
2013-06-12,510,521,500,515,13374000,2575
2013-06-13,510,520,493,502,15522000,2510
2013-06-14,516,524,507,516,20494000,2580
2013-06-17,517,529,516,527,11618000,2635
2013-06-18,523,526,508,512,20971000,2560
2013-06-19,516,522,508,515,22187000,2575
2013-06-20,510,518,508,514,16847000,2570
2013-06-21,504,521,496,521,17414000,2605
2013-06-24,526,533,521,526,12206000,2630
2013-06-25,529,533,506,511,14317000,2555
2013-06-26,512,517,504,508,9210000,2540
2013-06-27,513,528,510,528,9134000,2640
2013-06-28,537,549,535,548,12397000,2740
2013-07-01,550,550,535,546,14026000,2730
2013-07-02,552,554,534,544,13900000,2720
2013-07-03,545,551,536,548,9701000,2740
2013-07-04,549,555,543,547,7288000,2735
2013-07-05,550,555,544,554,6055000,2770
2013-07-08,555,558,545,545,8330000,2725
2013-07-09,553,562,552,561,10687000,2805
2013-07-10,558,563,554,563,10086000,2815
2013-07-11,557,562,554,559,8643000,2795
2013-07-12,560,574,559,571,11145000,2855
2013-07-16,575,580,563,566,10347000,2830
2013-07-17,565,572,563,569,14734000,2845
2013-07-18,572,576,569,572,9515000,2860
2013-07-19,576,577,562,565,14384000,2825
2013-07-22,570,572,558,567,8719000,2835
2013-07-23,563,574,562,573,6632000,2865
2013-07-24,574,585,567,585,11731000,2925
2013-07-25,586,588,571,574,8174000,2870
2013-07-26,566,568,552,553,12506000,2765
2013-07-29,546,549,537,540,8434000,2700
2013-07-30,538,548,535,543,9567000,2715
2013-07-31,553,553,539,539,9191000,2695
2013-08-01,537,553,536,553,8428000,2765
2013-08-02,556,565,554,565,6782000,2825
2013-08-05,555,560,553,557,4954000,2785
2013-08-06,550,551,534,547,9008000,2735
2013-08-07,534,536,522,522,9231000,2610
2013-08-08,524,538,522,523,9754000,2615
2013-08-09,526,527,518,522,7556000,2610
2013-08-12,518,528,517,526,4738000,2630
2013-08-13,528,538,525,537,7663000,2685
2013-08-14,549,550,536,545,6979000,2725
2013-08-15,546,554,541,544,10191000,2720
2013-08-16,542,545,538,538,4341000,2690
2013-08-19,540,547,539,544,5209000,2720
2013-08-20,543,548,535,535,7907000,2675
2013-08-21,533,547,531,541,12839000,2705
2013-08-22,535,540,531,531,8679000,2655
2013-08-23,538,539,533,536,6585000,2680
2013-08-26,537,540,528,534,6404000,2670
2013-08-27,535,538,531,534,5133000,2670
2013-08-28,524,525,518,521,6547000,2605
2013-08-29,521,523,514,519,11908000,2595
2013-08-30,519,523,505,510,13704000,2550
2013-09-02,513,516,504,515,6777000,2575
2013-09-03,521,521,513,517,8621000,2585
2013-09-04,511,517,508,515,9491000,2575
2013-09-05,518,522,513,518,6552000,2590
2013-09-06,520,520,512,516,4846000,2580
2013-09-09,536,543,532,534,11182000,2670
2013-09-10,537,542,535,539,7671000,2695
2013-09-11,545,547,536,543,8179000,2715
2013-09-12,543,543,537,539,6282000,2695
2013-09-13,534,540,528,531,11036000,2655
2013-09-17,534,537,532,533,6027000,2665
2013-09-18,532,539,526,534,7877000,2670
2013-09-19,542,543,535,543,6187000,2715
2013-09-20,545,551,543,549,8503000,2745
2013-09-24,541,543,533,537,7347000,2685
2013-09-25,536,548,536,544,6657000,2720
2013-09-26,537,547,532,547,6494000,2735
2013-09-27,542,543,536,537,7227000,2685
2013-09-30,530,543,530,538,7872000,2690
2013-10-01,538,539,531,531,5971000,2655
2013-10-02,529,531,524,526,7901000,2630
2013-10-03,531,534,528,531,7589000,2655
2013-10-04,524,524,515,518,7508000,2590
2013-10-07,521,527,519,520,6856000,2600
2013-10-08,520,530,518,528,9613000,2640
2013-10-09,522,526,519,526,5605000,2630
2013-10-10,528,543,527,538,7249000,2690
2013-10-11,542,545,536,538,7276000,2690
2013-10-15,543,545,539,544,6214000,2720
2013-10-16,539,540,531,535,6397000,2675
2013-10-17,540,544,534,537,5854000,2685
2013-10-18,538,538,528,530,5221000,2650
2013-10-21,532,535,530,533,4322000,2665
2013-10-22,531,535,528,529,4404000,2645
2013-10-23,532,533,515,516,10235000,2580
2013-10-24,516,518,512,516,7038000,2580
2013-10-25,519,519,507,508,8143000,2540
2013-10-28,513,521,508,517,7041000,2585
2013-10-29,518,525,518,524,7764000,2620
2013-10-30,526,533,522,532,9949000,2660
2013-10-31,530,537,529,532,7145000,2660
2013-11-01,531,531,518,519,5683000,2595
2013-11-05,523,524,510,512,6450000,2560
2013-11-06,512,517,510,511,7760000,2555
2013-11-07,513,514,506,507,6380000,2535
2013-11-08,501,506,499,505,10009000,2525
2013-11-11,507,507,500,503,4484000,2515
2013-11-12,504,509,502,506,6973000,2530
2013-11-13,505,509,503,505,5949000,2525
2013-11-14,509,521,508,518,10784000,2590
2013-11-15,521,524,515,515,8030000,2575
2013-11-18,516,518,511,514,6624000,2570
2013-11-19,515,520,515,517,5198000,2585
2013-11-20,516,518,511,514,5924000,2570
2013-11-21,513,519,510,515,9322000,2575
2013-11-22,518,518,512,514,8983000,2570
2013-11-25,516,521,515,520,9027000,2600
2013-11-26,520,523,513,514,10331000,2570
2013-11-27,511,512,504,504,8419000,2520
2013-11-28,510,514,507,509,10156000,2545
2013-11-29,509,512,508,510,8361000,2550
2013-12-02,514,519,513,517,8740000,2585
2013-12-03,515,516,509,511,8459000,2555
2013-12-04,509,512,507,507,6547000,2535
2013-12-05,508,508,503,503,5638000,2515
2013-12-06,504,506,501,502,4724000,2510
2013-12-09,505,506,500,501,7137000,2505
2013-12-10,499,501,497,500,7675000,2500
2013-12-11,501,504,500,503,6631000,2515
2013-12-12,503,506,500,504,6060000,2520
2013-12-13,502,505,498,500,14833000,2500
2013-12-16,503,504,496,497,6518000,2485
2013-12-17,499,500,495,497,6292000,2485
2013-12-18,500,510,498,510,12661000,2550
2013-12-19,510,512,505,508,12113000,2540
2013-12-20,507,511,505,507,10047000,2535
2013-12-24,510,510,503,506,7547000,2530
2013-12-25,505,505,500,504,8267000,2520
2013-12-26,506,509,505,509,4918000,2545
2013-12-27,510,515,508,513,8115000,2565
2013-12-30,514,520,514,518,9200000,2590
2014-01-06,518,524,512,515,9653000,2575
2014-01-07,515,515,510,512,4642000,2560
2014-01-08,512,514,508,512,4969000,2560
2014-01-09,512,512,506,509,7121000,2545
2014-01-10,509,509,503,504,8973000,2520
2014-01-14,504,505,497,499,10173000,2495
2014-01-15,503,512,502,512,8154000,2560
2014-01-16,511,518,510,515,11663000,2575
2014-01-17,513,518,513,513,6234000,2565
2014-01-20,515,519,511,516,7005000,2580
2014-01-21,518,518,513,513,3753000,2565
2014-01-22,511,518,511,518,7640000,2590
2014-01-23,520,527,515,516,14242000,2580
2014-01-24,514,523,513,518,11086000,2590
2014-01-27,511,519,509,515,13729000,2575
2014-01-28,524,534,519,519,15366000,2595
2014-01-29,522,530,515,529,13506000,2645
2014-01-30,519,519,509,514,12797000,2570
2014-01-31,514,519,506,512,7648000,2560
2014-02-03,505,507,500,500,10746000,2500
2014-02-04,490,491,473,475,20222000,2375
2014-02-05,478,482,474,479,13321000,2395
2014-02-06,475,477,470,470,13675000,2350
2014-02-07,478,482,473,481,11858000,2405
2014-02-10,489,490,477,485,11139000,2425
2014-02-12,489,492,485,485,10180000,2425
2014-02-13,486,489,481,484,7079000,2420
2014-02-14,485,486,471,476,10790000,2380
2014-02-17,477,483,475,483,9048000,2415
2014-02-18,482,489,478,486,7449000,2430
2014-02-19,483,489,481,485,7928000,2425
2014-02-20,480,484,477,481,10201000,2405
2014-02-21,484,496,484,494,8806000,2470
2014-02-24,497,500,490,500,9599000,2500
2014-02-25,501,506,497,505,8573000,2525
2014-02-26,501,511,499,508,8900000,2540
2014-02-27,508,513,504,509,7801000,2545
2014-02-28,506,512,505,510,6967000,2550
2014-03-03,507,513,502,512,8415000,2560
2014-03-04,511,518,508,509,8745000,2545
2014-03-05,513,518,507,508,9197000,2540
2014-03-06,508,509,502,504,9463000,2520
2014-03-07,508,515,508,513,9107000,2565
2014-03-10,512,519,508,519,14583000,2595
2014-03-11,521,538,519,533,17631000,2665
2014-03-12,525,529,522,522,10252000,2610
2014-03-13,523,531,522,528,8065000,2640
2014-03-14,528,528,513,514,15370000,2570
2014-03-17,510,511,505,507,7129000,2535
2014-03-18,517,520,509,509,5352000,2545
2014-03-19,514,517,509,510,8180000,2550
2014-03-20,518,518,508,511,12213000,2555
2014-03-24,514,520,511,517,9834000,2585
2014-03-25,508,522,507,515,8103000,2575
2014-03-26,516,517,504,507,10665000,2535
2014-03-27,492,520,491,518,13785000,2590
2014-03-28,517,528,516,528,12714000,2640
2014-03-31,527,527,518,524,10327000,2620
2014-04-01,524,524,510,517,8453000,2585
2014-04-02,517,522,515,515,8439000,2575
2014-04-03,517,521,515,516,7752000,2580
2014-04-04,515,519,512,514,6852000,2570
2014-04-07,510,515,510,511,5930000,2555
2014-04-08,506,509,500,507,8611000,2535
2014-04-09,500,506,494,504,10033000,2520
2014-04-10,509,510,498,499,7241000,2495
2014-04-11,491,504,487,499,8077000,2495
2014-04-14,497,508,497,503,6921000,2515
2014-04-15,503,504,495,495,7146000,2475
2014-04-16,499,507,498,507,7331000,2535
2014-04-17,506,515,505,512,7007000,2560
2014-04-18,518,518,512,517,4154000,2585
2014-04-21,517,523,516,517,5203000,2585
2014-04-22,518,524,518,520,5335000,2600
2014-04-23,523,527,518,526,9508000,2630
2014-04-24,526,526,517,521,5662000,2605
2014-04-25,518,526,515,525,5711000,2625
2014-04-28,522,529,514,514,11789000,2570
2014-04-30,518,536,516,535,13780000,2675
2014-05-01,535,540,530,536,7634000,2680
2014-05-02,531,538,530,537,8655000,2685
2014-05-07,532,544,530,541,12542000,2705
2014-05-08,541,553,541,544,13861000,2720
2014-05-09,541,548,540,543,10712000,2715
2014-05-12,547,555,546,550,11543000,2750
2014-05-13,558,561,555,558,10575000,2790
2014-05-14,554,559,551,556,10142000,2780
2014-05-15,552,567,551,567,10466000,2835
2014-05-16,563,567,550,550,12665000,2750
2014-05-19,547,561,546,556,9297000,2780
2014-05-20,555,559,553,557,13626000,2785
2014-05-21,555,563,555,560,8346000,2800
2014-05-22,563,570,561,564,8883000,2820
2014-05-23,562,568,559,566,12128000,2830
2014-05-26,574,580,570,580,9093000,2900
2014-05-27,576,579,567,570,14378000,2850
2014-05-28,571,574,569,571,10763000,2855
2014-05-29,572,578,572,574,7726000,2870
2014-05-30,572,585,570,576,13204000,2880
2014-06-02,583,593,582,584,12658000,2920
2014-06-03,589,589,576,578,11153000,2890
2014-06-04,577,577,572,573,12324000,2865
2014-06-05,579,582,570,572,14020000,2860
2014-06-06,572,575,562,566,16537000,2830
2014-06-09,571,572,563,563,11181000,2815
2014-06-10,567,573,564,568,8730000,2840
2014-06-11,571,580,570,576,10911000,2880
2014-06-12,570,578,569,577,8331000,2885
2014-06-13,577,582,575,579,12990000,2895
2014-06-16,573,579,572,576,6121000,2880
2014-06-17,579,583,576,578,5016000,2890
2014-06-18,582,583,580,581,4002000,2905
2014-06-19,578,587,576,585,10050000,2925
2014-06-20,586,589,584,585,8701000,2925
2014-06-23,585,586,575,579,6635000,2895
2014-06-24,580,586,578,583,5753000,2915
2014-06-25,582,587,581,581,5401000,2905
2014-06-26,585,588,583,585,5523000,2925
2014-06-27,582,584,572,578,7819000,2890
2014-06-30,582,592,581,592,8701000,2960
2014-07-01,590,597,589,593,5995000,2965
2014-07-02,596,598,593,597,6147000,2985
2014-07-03,598,598,592,595,4909000,2975
2014-07-04,590,592,588,592,4422000,2960
2014-07-07,592,593,589,591,2458000,2955
2014-07-08,587,595,583,594,7322000,2970
2014-07-09,587,595,587,592,5352000,2960
2014-07-10,593,594,589,591,4104000,2955
2014-07-11,583,589,580,588,6022000,2940
2014-07-14,587,593,585,590,4149000,2950
2014-07-15,590,597,590,594,6923000,2970
2014-07-16,598,599,594,598,6192000,2990
2014-07-17,599,600,595,596,5818000,2980
2014-07-18,593,597,590,595,6510000,2975
2014-07-22,598.5,604.9,597,604.9,10974000,3024.5
2014-07-23,606.4,607.9,599.5,601.8,8399000,3009
2014-07-24,605.2,612,602.6,606.2,8746000,3031
2014-07-25,609.9,614.3,607.5,614,6468000,3070
2014-07-28,610.3,613.8,605.8,609.3,6155000,3046.5
2014-07-29,612,613.8,608.1,610.9,4396000,3054.5
2014-07-30,607,610,592.7,595.3,9778000,2976.5
2014-07-31,595.3,597.8,591.5,592.6,6098000,2963
2014-08-01,593.7,598.9,591.5,596.5,5946000,2982.5
2014-08-04,595.5,606.4,589.1,601.4,8933000,3007
2014-08-05,600.6,604.4,594,596.1,8904000,2980.5
2014-08-06,592.8,594.2,582.5,586.5,8633000,2932.5
2014-08-07,588.9,588.9,578,583.9,9131000,2919.5
2014-08-08,580,582.3,570,570.8,10927000,2854
2014-08-11,580,583.9,575.8,581.2,5145000,2906
2014-08-12,584.6,590,584.6,588.5,4264000,2942.5
2014-08-13,586.1,589.4,584.5,587.8,3884000,2939
2014-08-14,589.2,594.8,586.6,594.2,4033000,2971
2014-08-15,593.8,596.2,589.1,593.6,3659000,2968
2014-08-18,595.2,596.5,593.1,594,2277000,2970
2014-08-19,599.5,599.7,594.3,597.2,4713000,2986
2014-08-20,600,605.9,597.8,600.1,6421000,3000.5
2014-08-21,600.7,604.9,597.5,601.7,4036000,3008.5
2014-08-22,608,608,601.5,602,3638000,3010
2014-08-25,606.8,606.8,596.5,598.3,4412000,2991.5
2014-08-26,599.4,604.1,596.4,597.5,3840000,2987.5
2014-08-27,598,603,592.3,595.9,4229000,2979.5
2014-08-28,590,594.9,588,589.8,10079000,2949
2014-08-29,590.7,594.6,589.4,590.9,8180000,2954.5
2014-09-01,591.1,594.4,590,594,2893000,2970
2014-09-02,593.2,598.7,591.4,594.1,6373000,2970.5
2014-09-03,598.5,604.7,596.1,601,7405000,3005
2014-09-04,604.8,608.2,600.2,607.7,6892000,3038.5
2014-09-05,612.1,613.4,606.2,609,6368000,3045
2014-09-08,615,617.4,611.8,617.4,5688000,3087
2014-09-09,616,616.5,611.9,611.9,4808000,3059.5
2014-09-10,611,619.6,610,619.3,6119000,3096.5
2014-09-11,620,620,612.7,614,6264000,3070
2014-09-12,610.9,613.8,608.5,611.8,10678000,3059
2014-09-16,614.1,614.6,609.3,612.9,5736000,3064.5
2014-09-17,614.8,617.2,609.5,610,4535000,3050
2014-09-18,617.2,623.4,616.4,618.7,7442000,3093.5
2014-09-19,620.1,620.9,614.9,614.9,11358000,3074.5
2014-09-22,617.3,623,615.8,622.2,6551000,3111
2014-09-24,618.9,622.8,612.3,622.4,6541000,3112
2014-09-25,623.8,631,622.5,631,6136000,3155
2014-09-26,619.1,621,612.7,619.9,6911000,3099.5
2014-09-29,622.8,623.8,614.5,623.8,6453000,3119
2014-09-30,621.9,623.3,612.2,616.5,5863000,3082.5
2014-10-01,616.6,622.8,615.2,615.2,4580000,3076
2014-10-02,609,610.9,595,596.3,9694000,2981.5
2014-10-03,591.9,597.2,588.4,593.2,7226000,2966
2014-10-06,597.2,601.3,594.1,594.1,5137000,2970.5
2014-10-07,594,606.5,592.8,594.3,9064000,2971.5
2014-10-08,589,594.9,587.7,590.7,6108000,2953.5
2014-10-09,591.1,592,586.5,589.5,6442000,2947.5
2014-10-10,583.6,591.8,583,586.4,10208000,2932
2014-10-14,578,584.5,572.3,573.6,13101000,2868
2014-10-15,580,585.7,577.1,580,8930000,2900
2014-10-16,567,568.1,560.9,561.6,9322000,2808
2014-10-17,564.5,568.1,556.8,557,8792000,2785
2014-10-20,575,576.1,568.2,572,14180000,2860
2014-10-21,572.4,575.8,564.2,566.1,6444000,2830.5
2014-10-22,571.9,581.6,569.3,581.5,8482000,2907.5
2014-10-23,579.8,585.6,576.6,584.8,5498000,2924
2014-10-24,594,595.8,587.5,591.8,6758000,2959
2014-10-27,598,610.6,596.7,606,9636000,3030
2014-10-28,608.3,612,604.5,606.7,5923000,3033.5
2014-10-29,610,616.8,606.8,610.8,9196000,3054
2014-10-30,611.1,618.4,609.5,615.1,12610000,3075.5
2014-10-31,619.9,638,618.1,635.8,15221000,3179
2014-11-04,665.6,669.2,644.7,646.9,15059000,3234.5
2014-11-05,646.5,661.3,645,658.1,13363000,3290.5
2014-11-06,657,657,640.7,641.6,10190000,3208
2014-11-07,649.1,651.4,645.9,648,10135000,3240
2014-11-10,647.5,651.6,641.4,645.3,6226000,3226.5
2014-11-11,645.2,657.2,644.9,653,6872000,3265
2014-11-12,652.3,657.7,649.8,650.3,9690000,3251.5
2014-11-13,648.9,655.6,645.5,655,10147000,3275
2014-11-14,660,660.6,646,653.3,10841000,3266.5
2014-11-17,649.1,649.5,633,635,9171000,3175
2014-11-18,644.9,648.6,640.5,648.6,6731000,3243
2014-11-19,648.7,651,642.6,644,7235000,3220
2014-11-20,644.9,648.3,635.8,639,7702000,3195
2014-11-21,639.1,641.7,634.3,640.3,7073000,3201.5
2014-11-25,647.5,647.5,634.3,636.7,14712000,3183.5
2014-11-26,636.3,645.8,636.1,640.2,7006000,3201
2014-11-27,639.2,640.8,635,637.6,6474000,3188
2014-11-28,640,647.8,639.8,647.2,7047000,3236
2014-12-01,647.8,655.6,646.2,649.7,5794000,3248.5
2014-12-02,647,654.9,646.6,653.4,7465000,3267
2014-12-03,659,663.8,654.9,656,7396000,3280
2014-12-04,660,660,646.8,651.3,8456000,3256.5
2014-12-05,644.8,651.6,644.4,651.5,4825000,3257.5
2014-12-08,649.2,651.5,637.7,637.9,10028000,3189.5
2014-12-09,636.2,644.2,634.3,642.1,7975000,3210.5
2014-12-10,639.6,649.4,632.2,635.3,8117000,3176.5
2014-12-11,630,636.4,620.8,625.3,10211000,3126.5
2014-12-12,621.7,628.5,618.4,620.1,11516000,3100.5
2014-12-15,615,624.5,612.2,620.4,6106000,3102
2014-12-16,611,618.8,610.1,615.9,8694000,3079.5
2014-12-17,617,619.8,611,614.8,8816000,3074
2014-12-18,634.8,640.3,620.7,628.5,12477000,3142.5
2014-12-19,645,649.1,638.2,643.9,10293000,3219.5
2014-12-22,644.5,645,639.5,640.5,7032000,3202.5
2014-12-24,649,649,644.8,645.9,4692000,3229.5
2014-12-25,646,650.6,641.8,650.2,3659000,3251
2014-12-26,648.5,655.1,648,654.2,4176000,3271
2014-12-29,658.9,663.5,650.7,661,8488000,3305
2014-12-30,664,664,652.1,652.1,5829000,3260.5
2015-01-05,650,650,638,643.3,8963000,3216.5
2015-01-06,633.3,635,625.2,625.2,9570000,3126
2015-01-07,622.6,627.9,619.7,620.2,6160000,3101
2015-01-08,628.6,637,626.6,630.7,9246000,3153.5
2015-01-09,633,637.3,630.1,633.5,6587000,3167.5
2015-01-13,629.9,636.9,622.2,636.9,8027000,3184.5
2015-01-14,633.9,647.9,633.9,645.6,12103000,3228
2015-01-15,650,659.3,649.7,657.3,10339000,3286.5
2015-01-16,645,658.1,644,658.1,7016000,3290.5
2015-01-19,661,675,661,671.2,10603000,3356
2015-01-20,675,686,673.8,685,10778000,3425
2015-01-21,678.7,685.7,675.1,679.9,10820000,3399.5
2015-01-22,679.9,680.8,672,679.6,8007000,3398
2015-01-23,685,687.3,683.1,686.1,7161000,3430.5
2015-01-26,680.7,693.5,680.7,692.5,6859000,3462.5
2015-01-27,696.5,705.2,689.5,704.9,10142000,3524.5
2015-01-28,694.8,709.7,693.9,706.4,8625000,3532
2015-01-29,697.1,709,697.1,702.6,6906000,3513
2015-01-30,706.9,712.3,700.7,706.3,11061000,3531.5
2015-02-02,703.2,722.5,699.2,720.9,9090000,3604.5
2015-02-03,720.9,721.8,711.1,713.6,9000000,3568
2015-02-04,722,731,721,724.5,10065000,3622.5
2015-02-05,724.6,726.8,696.9,697.3,12996000,3486.5
2015-02-06,707.3,719.4,706.8,710.5,9658000,3552.5
2015-02-09,715.4,718.2,705.4,712.8,8589000,3564
2015-02-10,715,716.9,708.1,716.5,6950000,3582.5
2015-02-12,723.5,727.5,715,716.3,11565000,3581.5
2015-02-13,716,719.2,708,710.1,9969000,3550.5
2015-02-16,714.8,719.9,710.1,719.2,8048000,3596
2015-02-17,724.4,729.4,714.6,719,7829000,3595
2015-02-18,728.6,734.5,723.6,731,8844000,3655
2015-02-19,731,736,728.9,731,9960000,3655
2015-02-20,731.6,734,727.7,732.9,8317000,3664.5
2015-02-23,735.4,739.8,729.4,734,8276000,3670
2015-02-24,730,731.7,726.1,731.5,8971000,3657.5
2015-02-25,731.9,737.5,729.1,731.9,10827000,3659.5
2015-02-26,730,733.2,721.2,733.2,8373000,3666
2015-02-27,730.6,731.5,699.4,728.2,11150000,3641
2015-03-02,729.4,741.8,725,740.7,7224000,3703.5
2015-03-03,741.8,751.4,738.7,749.4,10350000,3747
2015-03-04,749.5,750.4,728.3,735.4,8488000,3677
2015-03-05,732.3,740.9,731.3,740.7,6379000,3703.5
2015-03-06,741.2,748.4,737,740.1,8054000,3700.5
2015-03-09,740.5,740.5,729.1,731.5,6528000,3657.5
2015-03-10,732,732.7,717.4,722.1,8268000,3610.5
2015-03-11,716,730.3,715.5,724.5,6022000,3622.5
2015-03-12,729.9,735.2,729.5,733.5,7837000,3667.5
2015-03-13,736.9,750.4,728,750,16846000,3750
2015-03-16,742.8,747.6,738.1,739.3,5805000,3696.5
2015-03-17,761.2,762.4,753.3,756.5,8915000,3782.5
2015-03-18,755,763.8,755,762,7259000,3810
2015-03-19,762.2,770,758.6,765.4,7098000,3827
2015-03-20,766.9,766.9,754.2,762.2,7890000,3811
2015-03-23,762.9,769.8,761,766.6,6001000,3833
2015-03-24,762.5,770.3,760.7,763.7,8483000,3818.5
2015-03-25,764.2,768,755.1,767.4,7846000,3837
2015-03-26,766.7,766.7,751.1,755.8,6032000,3779
2015-03-27,750.4,764,746.9,755.5,5903000,3777.5
2015-03-30,751,760,747.1,757.9,6356000,3789.5
2015-03-31,770.8,773.4,756.2,756.2,9657000,3781
2015-04-01,749.1,758,742.7,751.2,9347000,3756
2015-04-02,757.5,778.8,755.1,770.8,10153000,3854
2015-04-03,774.6,780.8,768.5,779.9,6418000,3899.5
2015-04-06,776.6,785.4,773.2,781.9,3502000,3909.5
2015-04-07,792.7,801.4,779.3,781.6,10224000,3908
2015-04-08,796.6,799.1,780.3,799.1,12200000,3995.5
2015-04-09,802,804.6,793.7,799.5,7177000,3997.5
2015-04-10,800.9,801.1,781.3,785.9,14673000,3929.5
2015-04-13,772.1,775.1,754.3,758.2,14905000,3791
2015-04-14,758.8,764.9,754.3,761.2,8054000,3806
2015-04-15,757.1,761.6,748.8,749.8,8849000,3749
2015-04-16,743.5,747,738.6,747,9760000,3735
2015-04-17,736,743.8,735.1,740.4,6259000,3702
2015-04-20,735.3,739.2,730.7,731.5,7115000,3657.5
2015-04-21,736.1,747.8,733.1,746.9,7792000,3734.5
2015-04-22,746.9,747.9,741.3,744.1,6180000,3720.5
2015-04-23,749,751.4,744.5,748.9,5921000,3744.5
2015-04-24,752.9,753.6,746.1,748.2,4259000,3741
2015-04-27,744.1,751.8,737.1,743,6646000,3715
2015-04-28,750,764.6,728.3,736,14336000,3680
2015-04-30,707.1,714.5,691.4,692.5,19886000,3462.5
2015-05-01,689,691.1,668.7,677.5,17095000,3387.5
2015-05-07,671.1,677.2,665.6,673,12744000,3365
2015-05-08,672.8,687.7,666.1,687.7,12219000,3438.5
2015-05-11,699.5,699.8,688.9,690.7,9349000,3453.5
2015-05-12,687.5,695.8,686,692.5,9129000,3462.5
2015-05-13,683.7,695.3,682,690.3,8048000,3451.5
2015-05-14,688.9,690.4,683.2,684.1,7925000,3420.5
2015-05-15,684.9,685,666,670.5,14376000,3352.5
2015-05-18,672.6,677.1,668.6,673.7,12968000,3368.5
2015-05-19,671.3,676.8,669.3,673.5,10022000,3367.5
2015-05-20,675.7,679.8,672,677.3,10957000,3386.5
2015-05-21,681.5,682,672.1,679.1,10818000,3395.5
2015-05-22,679.6,680.2,674.3,677.2,5729000,3386
2015-05-25,682,684.9,677.2,680.4,7420000,3402
2015-05-26,683.6,685.5,682.1,682.2,6076000,3411
2015-05-27,682,682.2,673.3,673.9,10077000,3369.5
2015-05-28,673.9,684.1,670.1,683.4,13284000,3417
2015-05-29,689.7,699.9,687,688.1,13745000,3440.5
2015-06-01,677.8,688,676.1,686.9,7826000,3434.5
2015-06-02,692,697.1,687.4,695.4,9542000,3477
2015-06-03,700,703.4,689,695,10775000,3475
2015-06-04,694.8,694.8,680,680.1,11680000,3400.5
2015-06-05,675,684.6,672.9,682.1,10199000,3410.5
2015-06-08,677.7,686.6,677.7,681.5,8904000,3407.5
2015-06-09,676.5,695.6,676,690.6,14020000,3453
2015-06-10,692.1,702.9,686.9,697.3,14092000,3486.5
2015-06-11,695.1,707.9,693.6,704.4,15031000,3522
2015-06-12,701.5,701.9,690.4,692.5,15624000,3462.5
2015-06-15,682.5,696.5,681.8,694.9,9631000,3474.5
2015-06-16,689.9,698,689.9,695.2,5791000,3476
2015-06-17,697.3,701.1,687.8,688.3,7184000,3441.5
2015-06-18,685,689.9,680.5,687,6998000,3435
2015-06-19,678.9,682.6,668.4,670.9,15182000,3354.5
2015-06-22,669.5,685,669.4,684,8192000,3420
2015-06-23,688,699.1,683.3,696.8,9938000,3484
2015-06-24,696.3,697.6,686.5,686.5,11073000,3432.5
2015-06-25,678.6,687,673.3,673.3,10171000,3366.5
2015-06-26,676.8,678.3,666.1,671.4,6103000,3357
2015-06-29,655.1,662.5,653.7,657,7613000,3285
2015-06-30,660.6,663.1,647.7,650,11212000,3250
2015-07-01,652.6,654,640.8,642.3,9770000,3211.5
2015-07-02,650.4,655.9,647.1,651.2,8475000,3256
2015-07-03,650,661.1,647.3,651.2,9000000,3256
2015-07-06,641.2,649.6,641.2,644.6,7094000,3223
2015-07-07,656.7,659.9,652.9,656.9,7997000,3284.5
2015-07-08,649.1,654.3,643,643,9021000,3215
2015-07-09,638.7,642,630.1,640.3,9580000,3201.5
2015-07-10,646.6,653.1,641.3,642.8,11964000,3214
2015-07-13,649.1,663.1,646.6,661.5,7917000,3307.5
2015-07-14,670.5,673.4,662.4,665.4,7357000,3327
2015-07-15,668,668.2,660.8,662.5,8979000,3312.5
2015-07-16,668.7,671.9,662.6,671.9,7266000,3359.5
2015-07-17,668.7,672.9,666.1,670.5,4000000,3352.5
2015-07-21,672.8,681.2,669,679.3,6024000,3396.5
2015-07-22,677.8,679.8,671.5,673.5,4579000,3367.5
2015-07-23,677.8,678.8,669.2,671.9,3931000,3359.5
2015-07-24,669.9,670.8,664.7,666.6,5400000,3333
2015-07-27,660,669.9,660,665.9,4552000,3329.5
2015-07-28,662.4,669.2,660.4,663,5299000,3315
2015-07-29,664,670.6,664,669.7,3782000,3348.5
2015-07-30,673,681.5,666.8,672.8,9376000,3364
2015-07-31,672.8,673.3,661.8,669.6,11404000,3348
2015-08-03,667.6,679.5,665,673.2,7509000,3366
2015-08-04,677,696.1,675.9,693,11192000,3465
2015-08-05,700,704.6,692.4,698.7,11017000,3493.5
2015-08-06,699.2,708.8,698.7,700.7,9936000,3503.5
2015-08-07,699.8,703.1,692,700.5,6562000,3502.5
2015-08-10,705,709.1,701.5,707.5,9783000,3537.5
2015-08-11,710,711.8,691.3,700.2,11647000,3501
2015-08-12,699.7,702.7,686.5,692,5650000,3460
2015-08-13,693.4,702.6,690.8,699.3,7758000,3496.5
2015-08-14,700,702.5,694.3,699.2,5107000,3496
2015-08-17,702,708.5,700.4,705,5565000,3525
2015-08-18,702,706.8,695.3,704.1,5247000,3520.5
2015-08-19,704.2,724.9,704.1,715.3,11051000,3576.5
2015-08-20,706.6,717.2,684.4,705.4,9893000,3527
2015-08-21,698,710,694.4,695.1,10046000,3475.5
2015-08-24,680.3,689.4,657.2,657.3,10864000,3286.5
2015-08-25,639.1,663.9,623.7,623.7,18335000,3118.5
2015-08-26,623.6,643.2,622.1,641.7,10848000,3208.5
2015-08-27,649.2,662.6,645,650,8974000,3250
2015-08-28,660,670.5,654,663.7,8108000,3318.5
2015-08-31,660,666.2,655.7,663.3,5633000,3316.5
2015-09-01,657.6,659,634.4,634.4,6356000,3172
2015-09-02,617.1,631.5,611.3,615.7,10108000,3078.5
2015-09-03,625,630.6,614.3,616.1,5672000,3080.5
2015-09-04,623.6,626.4,602.5,609.6,7343000,3048
2015-09-07,608.3,619,603,612.7,4633000,3063.5
2015-09-08,616.5,618.4,598.2,600.9,4906000,3004.5
2015-09-09,618,634,615.4,633.8,6110000,3169
2015-09-10,617.3,628.9,615,628.4,4757000,3142
2015-09-11,618,626.1,616.6,618,10077000,3090
2015-09-14,625,631.2,622.7,622.7,4973000,3113.5
2015-09-15,612.4,628.1,612,616.5,8682000,3082.5
2015-09-16,616.6,619.6,607.2,616.3,5925000,3081.5
2015-09-17,622,629,619.3,623.8,7524000,3119
2015-09-18,622.2,627.1,617,620.7,10999000,3103.5
2015-09-24,618.1,619.6,574.8,574.8,13781000,2874
2015-09-25,571,603,570,601.1,14134000,3005.5
2015-09-28,598.8,608.7,588.8,592.5,7936000,2962.5
2015-09-29,587,592.7,577.3,577.5,12598000,2887.5
2015-09-30,577.1,584.4,567.2,577.8,11030000,2889
2015-10-01,575.2,578.9,563.4,573.5,10606000,2867.5
2015-10-02,560.5,565.8,555.2,565.7,8855000,2828.5
2015-10-05,565.8,570.9,557.6,562.2,10418000,2811
2015-10-06,572.2,573.4,567.2,567.6,9583000,2838
2015-10-07,573.2,581.2,566.1,574.9,9713000,2874.5
2015-10-08,576.7,581.8,567.6,576.1,9330000,2880.5
2015-10-09,582.6,597.7,580.3,596.3,9193000,2981.5
2015-10-13,594.1,597.7,590.7,592.1,7862000,2960.5
2015-10-14,589.8,594.3,583.4,586.4,8352000,2932
2015-10-15,589.4,600.3,586,596.8,6849000,2984
2015-10-16,607.2,611.8,600.9,601.9,7524000,3009.5
2015-10-19,596.9,601.9,591.9,597.2,4637000,2986
2015-10-20,603.3,607.8,597.6,598.2,6926000,2991
2015-10-21,604.4,606.8,595.3,605.8,4922000,3029
2015-10-22,599.1,606.8,598,604.4,3474000,3022
2015-10-23,620.9,622.1,613.1,615.4,6181000,3077
2015-10-26,624.9,625.5,616.5,617.3,5528000,3086.5
2015-10-27,615.2,622.8,614.7,616.3,7683000,3081.5
2015-10-28,616,618.2,608,612.6,9686000,3063
2015-10-29,612.4,624.5,611,616.4,21663000,3082
2015-10-30,615.5,620.5,600.4,601.6,13054000,3008
2015-11-02,596,599.1,580.2,582.1,11434000,2910.5
2015-11-04,592.1,592.8,583,584.3,11222000,2921.5
2015-11-05,586,595.3,585.4,590.1,8085000,2950.5
2015-11-06,593.6,598.1,586.6,596.1,10398000,2980.5
2015-11-09,603.3,603.9,594.6,596.9,9677000,2984.5
2015-11-10,595.3,598.1,590.5,592.1,7180000,2960.5
2015-11-11,588.9,590,583.2,584.9,7559000,2924.5
2015-11-12,586.4,590.8,584.1,589.5,6852000,2947.5
2015-11-13,586,587.6,573.6,575.6,10017000,2878
2015-11-16,570,576.6,567.8,574,8234000,2870
2015-11-17,580.3,583,577.1,580.5,7468000,2902.5
2015-11-18,580,583.6,575.9,583.6,9592000,2918
2015-11-19,590.5,596.3,583.8,584.8,8684000,2924
2015-11-20,581.7,588.5,581.5,588.5,10346000,2942.5
2015-11-24,588.1,591.2,586.6,590,10268000,2950
2015-11-25,585.7,596.3,584.5,591.9,8964000,2959.5
2015-11-26,592.4,598.2,591.2,595.5,6371000,2977.5
2015-11-27,595.3,597.5,590.1,591.2,7122000,2956
2015-11-30,591.1,591.7,584,588.1,16525000,2940.5
2015-12-01,591,613,590.4,613,13644000,3065
2015-12-02,613.1,620.9,611,611,9058000,3055
2015-12-03,605.1,614.3,604.8,609.3,7158000,3046.5
2015-12-04,601.9,606.9,595.2,606.9,9869000,3034.5
2015-12-07,610,610.3,601.1,602.2,7782000,3011
2015-12-08,602.6,603.1,594.5,596.7,7618000,2983.5
2015-12-09,592,594.6,586.4,589.7,9983000,2948.5
2015-12-10,584.7,587.4,583.3,586,8951000,2930
2015-12-11,581.9,590.2,579.6,587.8,11978000,2939
2015-12-14,574.3,577.7,570.1,574.9,9301000,2874.5
2015-12-15,573.2,573.7,563.4,568,9619000,2840
2015-12-16,572.1,575.2,565,567.4,8418000,2837
2015-12-17,575,575.4,567.1,567.9,12425000,2839.5
2015-12-18,565,579,554.3,554.7,18413000,2773.5
2015-12-21,549.9,555.2,542,548.5,13851000,2742.5
2015-12-22,545,553.9,544.2,551.2,8319000,2756
2015-12-24,561.2,567.9,555.2,555.8,8488000,2779
2015-12-25,556,559.4,543.3,545.5,6291000,2727.5
2015-12-28,546.2,558.1,546.1,553.6,7032000,2768
2015-12-29,554.5,561.7,548.8,559.9,6030000,2799.5
2015-12-30,560.9,573.1,560.1,570.8,8909000,2854
2016-01-04,565,567,544.3,546.2,10447000,2731
2016-01-05,543.6,552,537.1,547.8,11639000,2739
2016-01-06,550,553.3,542.6,545,7831000,2725
2016-01-07,546.1,552.7,543.2,545.7,8429000,2728.5
2016-01-08,542,551.7,540,540.1,8900000,2700.5
2016-01-12,534.4,542.8,530,530,9874000,2650
2016-01-13,533.3,540.8,528.9,539.3,8953000,2696.5
2016-01-14,523.8,531.9,521.2,527.7,12073000,2638.5
2016-01-15,532,540.3,529,533.6,15846000,2668
2016-01-18,522.4,530.7,518.1,527.8,10772000,2639
2016-01-19,527,530.8,517.8,519.6,8856000,2598
2016-01-20,519.2,522.4,500.1,500.1,11076000,2500.5
2016-01-21,500,508.2,488.9,488.9,13798000,2444.5
2016-01-22,504.9,520.2,502.1,518.7,13614000,2593.5
2016-01-25,527,527.5,516.4,520.1,7760000,2600.5
2016-01-26,513.9,514,505.3,506.6,6865000,2533
2016-01-27,520,534.2,519.1,532.2,12759000,2661
2016-01-28,532.7,539.2,529.4,534,11828000,2670
2016-01-29,544,554,535.8,549.6,15345000,2748
2016-02-01,566.1,567,556.6,561.2,11405000,2806
2016-02-02,580,580,558.3,573.2,12976000,2866
2016-02-03,564,567.2,558.1,566.7,11445000,2833.5
2016-02-04,565.2,575.4,564.3,571.6,15871000,2858
2016-02-05,559.4,560.3,550.9,557.3,12607000,2786.5
2016-02-08,550.7,569.6,550.1,567.8,8574000,2839
2016-02-09,551.6,559.2,548.2,554.8,13553000,2774
2016-02-10,552.3,556.1,525.7,532.7,13163000,2663.5
2016-02-12,531,544,516.8,520,16425000,2600
2016-02-15,532.4,560.3,532.4,557.2,14947000,2786
2016-02-16,548.6,552.6,538.5,539.9,11158000,2699.5
2016-02-17,538.9,542.7,521,532.5,12800000,2662.5
2016-02-18,545,548.7,534.2,536.3,11060000,2681.5
2016-02-19,534.6,542.2,531.1,539.9,7506000,2699.5
2016-02-22,535,543.6,529.3,540.9,6005000,2704.5
2016-02-23,543.4,551.2,538.4,540.5,7628000,2702.5
2016-02-24,536.9,542.8,526.8,528.6,11216000,2643
2016-02-25,529.9,537.4,528.5,530.9,12259000,2654.5
2016-02-26,535.8,541.2,533.1,533.8,7269000,2669
2016-02-29,541.3,541.8,521.1,521.1,9489000,2605.5
2016-03-01,516.1,522.1,513.4,520.5,9834000,2602.5
2016-03-02,534,535.2,527,529,11759000,2645
2016-03-03,538.9,555.7,536.5,543.3,11966000,2716.5
2016-03-04,543.3,555.2,543,548.9,10126000,2744.5
2016-03-07,546.9,547.5,528.6,529.1,9804000,2645.5
2016-03-08,523.4,523.6,512,512,14534000,2560
2016-03-09,506.9,508.5,491,492.2,22195000,2461
2016-03-10,498,514.3,492.2,508.6,17454000,2543
2016-03-11,506.3,519.7,501,515.8,16266000,2579
2016-03-14,516.9,517.7,507.5,511.3,12603000,2556.5
2016-03-15,515,520.5,509.1,510.5,12843000,2552.5
2016-03-16,506,517.8,505.1,505.2,12234000,2526
2016-03-17,505.3,510.3,498.3,502.4,12360000,2512
2016-03-18,503,509.5,503,506.7,12717000,2533.5
2016-03-22,509.5,520.8,509.1,513,14027000,2565
2016-03-23,512.6,527.5,512.1,522.4,12080000,2612
2016-03-24,525.9,527.7,518.7,521.3,9681000,2606.5
2016-03-25,521.4,529.5,518.8,526.6,5906000,2633
2016-03-28,530,532.5,523.9,532.5,6569000,2662.5
2016-03-29,526.5,532.7,526.5,530,7305000,2650
2016-03-30,528.9,530.2,516.4,516.7,11660000,2583.5
2016-03-31,517.5,528.7,513.8,524.7,12636000,2623.5
2016-04-01,522,525.3,498.1,499.2,11327000,2496
2016-04-04,500.5,509.5,495.8,498,9623000,2490
2016-04-05,496,496.7,479.3,480.8,13006000,2404
2016-04-06,479.7,481.5,466.8,475,18076000,2375
2016-04-07,477.6,483.9,474.5,480.6,13679000,2403
2016-04-08,475,482.6,467.8,476.9,11355000,2384.5
2016-04-11,478.6,480.5,472.7,476.3,6708000,2381.5
2016-04-12,474,484.8,474,477.1,10031000,2385.5
2016-04-13,481,486.6,479.6,483.8,8302000,2419
2016-04-14,496.5,512.6,491.4,509.1,16200000,2545.5
2016-04-15,498.6,509.3,498,507.7,5403000,2538.5
2016-04-18,497.7,502.6,494.5,497.9,8044000,2489.5
2016-04-19,512.6,519.4,507.8,510.6,12640000,2553
2016-04-20,518.5,519.8,514.5,516.4,8969000,2582
2016-04-21,524.9,527.8,515.6,524,7634000,2620
2016-04-22,512,521.3,509.5,514.4,12696000,2572
2016-04-25,515,516.6,501.5,502.8,11049000,2514
2016-04-26,506.8,510.5,499.1,503.2,8255000,2516
2016-04-27,507,508,494.6,497.5,9524000,2487.5
2016-04-28,503.5,507.7,481,485.1,14665000,2425.5
2016-05-02,461.1,462.8,435,437,26693000,2185
2016-05-06,441.4,446.7,438.8,443,13642000,2215
2016-05-09,444.6,447.5,441.3,442.5,8576000,2212.5
2016-05-10,424.8,449.3,421.7,441.2,22291000,2206
2016-05-11,445.9,452.9,443.5,444.6,16085000,2223
2016-05-12,436.6,448,435.5,446.3,13790000,2231.5
2016-05-13,446.3,448,436.3,436.3,15427000,2181.5
2016-05-16,434.8,442.9,433.1,437.2,10022000,2186
2016-05-17,440.4,448.9,437.2,448.8,12997000,2244
2016-05-18,441.8,450.4,438.3,445.4,13643000,2227
2016-05-19,446.1,449.3,440,442.1,12594000,2210.5
2016-05-20,441,448.6,439.3,445.7,11177000,2228.5
2016-05-23,438.8,440.4,431.9,435.1,16551000,2175.5
2016-05-24,435.3,436.3,430.3,432.6,14328000,2163
2016-05-25,439.7,445.8,437.4,440.5,13874000,2202.5
2016-05-26,444.9,446,435.9,437.2,12302000,2186
2016-05-27,439,445.8,435.2,442.4,12135000,2212
2016-05-30,443,450,439,449.4,10623000,2247
2016-05-31,443.3,451.3,441.7,447.9,32590000,2239.5
2016-06-01,442.3,442.8,434.1,435.8,17134000,2179
2016-06-02,436.5,438.9,434.2,436.1,13179000,2180.5
2016-06-03,428.1,428.2,417.1,418.6,19257000,2093
2016-06-06,417,433.4,413.8,432.4,17860000,2162
2016-06-07,433,445.9,433,444.1,14121000,2220.5
2016-06-08,441.6,451,438.1,447.3,14305000,2236.5
2016-06-09,444.5,448.6,440.5,441.6,17048000,2208
2016-06-10,441.9,445.6,437.7,445.6,14132000,2228
2016-06-13,436,436.3,430,430,12127000,2150
2016-06-14,428.5,435.5,427.8,430.7,14066000,2153.5
2016-06-15,426.8,429.4,418.9,423,17350000,2115
2016-06-16,422.9,429.9,420.1,421.6,14843000,2108
2016-06-17,423.7,431.6,422.7,426.8,12348000,2134
2016-06-20,433.7,441.1,431.7,436.5,15010000,2182.5
2016-06-21,439.3,444.4,430.4,438.5,17790000,2192.5
2016-06-22,430,430.9,407.4,412.5,28889000,2062.5
2016-06-23,410.4,420.9,407.3,419.1,21242000,2095.5
2016-06-24,422.8,424.4,387,392.7,12172000,1963.5
2016-06-27,398.6,409.6,395.7,408.3,14958000,2041.5
2016-06-28,402.4,412.4,398.4,406.1,11293000,2030.5
2016-06-29,414.1,420.3,408.8,418.5,8958000,2092.5
2016-06-30,422.9,422.9,415.4,420.4,13720000,2102
2016-07-01,423,426,414,420.8,11207000,2104
2016-07-04,418.5,426.9,413.8,426.3,5190000,2131.5
2016-07-05,422,427.5,420.9,426.1,7595000,2130.5
2016-07-06,420,425.1,418.8,424.9,11534000,2124.5
2016-07-07,426.1,429.9,423.2,424.4,6740000,2122
2016-07-08,423.4,424.2,414.6,414.6,10317000,2073
2016-07-11,422.6,434.5,420.1,430.5,8483000,2152.5
2016-07-12,437.4,441,426.5,426.5,11751000,2132.5
2016-07-13,435,441.6,430.2,438.1,10725000,2190.5
2016-07-14,440.1,444.6,438.9,441.2,10961000,2206
2016-07-15,441.5,444.5,438.6,441.1,9399000,2205.5
2016-07-19,445.5,455.3,443.6,451.2,14061000,2256
2016-07-20,449.1,455.1,447.9,453.5,11010000,2267.5
2016-07-21,458.6,461.8,454.2,458.7,9596000,2293.5
2016-07-22,452,458.1,451.3,453.5,5362000,2267.5
2016-07-25,458.8,463.9,458.1,459.8,6446000,2299
2016-07-26,455.6,456.3,444.5,447.3,8475000,2236.5
2016-07-27,453.4,456.3,448,453.9,10180000,2269.5
2016-07-28,452.2,452.2,439.5,439.8,8219000,2199
2016-07-29,444,445.5,432.7,439,12844000,2195
2016-08-01,430.2,443.3,429,442.4,7170000,2212
2016-08-02,436.7,439.7,431.3,431.4,5433000,2157
2016-08-03,422.2,426.9,420.1,421.1,7560000,2105.5
2016-08-04,424.3,428.4,420.7,427.7,5550000,2138.5
2016-08-05,423.3,426.4,419.3,422,8141000,2110
2016-08-08,432,434.2,428,430.3,8124000,2151.5
2016-08-09,432.9,436.5,428.1,434.8,7852000,2174
2016-08-10,439.3,442.3,427,428.1,7858000,2140.5
2016-08-12,432.4,439.8,430.1,438.8,8649000,2194
2016-08-15,434.6,437.3,430.1,436.3,7851000,2181.5
2016-08-16,436.3,436.3,426.6,426.6,6720000,2133
2016-08-17,423.9,436.5,423.1,436,5604000,2180
2016-08-18,433,433,420.5,420.5,5858000,2102.5
2016-08-19,424.5,424.5,420.6,421.8,4270000,2109
2016-08-22,418.5,423.4,415.4,422.9,4685000,2114.5
2016-08-23,430.9,439.8,424.2,439.6,11931000,2198
2016-08-24,441.9,444.1,436.6,437.9,6000000,2189.5
2016-08-25,436.6,439.9,432.5,437.8,5158000,2189
2016-08-26,442.1,442.9,429.6,429.6,4769000,2148
2016-08-29,442,444,436.1,436.1,5642000,2180.5
2016-08-30,437,440.3,431.8,438.8,5375000,2194
2016-08-31,438.6,444.6,435.3,443.5,7371000,2217.5
2016-09-01,438.9,440.7,434.1,439.3,8682000,2196.5
2016-09-02,439,444.5,436.4,443.6,6145000,2218
2016-09-05,449.8,457.1,447.4,451.5,5934000,2257.5
2016-09-06,449.7,455.7,448.7,453.7,6256000,2268.5
2016-09-07,455.5,467,454.8,466.7,11588000,2333.5
2016-09-08,461.2,462.6,453.6,460.1,10807000,2300.5
2016-09-09,455.8,459.2,450.3,453.7,9971000,2268.5
2016-09-12,445.7,457,445.2,456.3,12752000,2281.5
2016-09-13,456.4,457.3,445.3,447.6,8252000,2238
2016-09-14,441.1,452.9,441.1,450.9,10377000,2254.5
2016-09-15,445.1,449.8,441.8,449.5,8628000,2247.5
2016-09-16,445.7,460.9,444.9,458.4,17862000,2292
2016-09-20,463,475.3,461.9,470.9,17796000,2354.5
2016-09-21,468.3,473.5,461.2,472.6,11199000,2363
2016-09-23,469.8,474.3,466,474.2,13956000,2371
2016-09-26,475,476.5,466.1,467.6,7348000,2338
2016-09-27,460,475.5,455.9,475.5,10137000,2377.5
2016-09-28,460,467,455.5,466.7,11296000,2333.5
2016-09-29,469.4,472,461.5,462.2,17802000,2311
2016-09-30,449.7,451.6,447.2,447.6,12756000,2238
2016-10-03,454,456.2,450.2,450.8,8978000,2254
2016-10-04,453,455.3,449.3,450.5,6232000,2252.5
2016-10-05,452.7,457.5,451.4,456,8996000,2280
2016-10-06,455.7,455.7,448.6,453.4,9261000,2267
2016-10-07,454.2,454.8,450.6,453.9,9917000,2269.5
2016-10-11,456.8,462.3,455.2,460.2,7167000,2301
2016-10-12,455.3,457.9,454.7,455,6645000,2275
2016-10-13,457,458.9,453.2,456.1,4629000,2280.5
2016-10-14,458.8,460.4,456.4,460,7930000,2300
2016-10-17,458.6,465.5,456.3,462.4,5948000,2312
2016-10-18,461.5,467,459.7,467,11879000,2335
2016-10-19,467,469.3,465.3,467.7,5094000,2338.5
2016-10-20,470.7,476.3,468.3,475.9,6201000,2379.5
2016-10-21,476.3,477.7,471.9,476.1,9210000,2380.5
2016-10-24,478.2,479.5,475.4,475.8,5587000,2379
2016-10-25,477.9,484.5,476.1,484.4,7611000,2422
2016-10-26,484.8,490,482.7,489.2,5303000,2446
2016-10-27,489.8,492.9,482.3,484.1,6137000,2420.5
2016-10-28,485,485.2,473.2,476.9,11464000,2384.5
2016-10-31,471.2,476.4,468.8,476.2,6525000,2381
2016-11-01,481.6,491,478.2,491,13565000,2455
2016-11-02,484.9,486.6,479.8,484.2,8382000,2421
2016-11-04,480.6,484.5,473.6,476.6,9676000,2383
2016-11-07,481.4,484.2,477.1,479.7,7660000,2398.5
2016-11-08,482.9,485.4,480.6,482.2,9012000,2411
2016-11-09,486.7,491.4,461.4,472.5,13681000,2362.5
2016-11-10,486,489.8,477.7,481.4,10478000,2407
2016-11-11,484.5,485.1,467,468.9,15396000,2344.5
2016-11-14,475,481.5,473.3,476.1,8711000,2380.5
2016-11-15,477.7,478.1,470.1,474.4,6671000,2372
2016-11-16,479.4,479.4,473.3,475.2,6954000,2376
2016-11-17,479.1,487.5,477.2,483.3,10418000,2416.5
2016-11-18,479.8,480.9,473.6,473.6,7841000,2368
2016-11-21,473.7,475.3,468.1,469.1,10196000,2345.5
2016-11-22,468.3,471.1,463.4,467.6,10484000,2338
2016-11-24,472.9,474.3,468.4,472.5,11183000,2362.5
2016-11-25,477,484.4,476.8,481.7,8879000,2408.5
2016-11-28,482.6,495.8,482,493.9,10934000,2469.5
2016-11-29,490.3,491.5,485.1,488.2,10226000,2441
2016-11-30,495,499.6,491.9,498.7,26087000,2493.5
2016-12-01,497.5,505.6,492.3,501.8,11339000,2509
2016-12-02,500,502.5,495.5,496.3,10659000,2481.5
2016-12-05,494,495.2,487.9,489.8,6461000,2449
2016-12-06,496,496,481.2,486.6,14692000,2433
2016-12-07,489.2,492.9,483.1,490.3,9513000,2451.5
2016-12-08,500,507.4,497.6,505.6,16687000,2528
2016-12-09,508.6,511.3,502.2,507.8,13947000,2539
2016-12-12,517.8,533,514.2,527.2,17535000,2636
2016-12-13,524.3,536,524.1,535.9,14882000,2679.5
2016-12-14,539,546.4,538.4,539.3,13136000,2696.5
2016-12-15,538.7,541.4,535.3,538.2,7250000,2691
2016-12-16,541.4,541.7,534.8,536.7,9228000,2683.5
2016-12-19,540.3,543.7,538.2,542.7,6205000,2713.5
2016-12-20,543.4,556.3,543.2,555.2,16049000,2776
2016-12-21,552.4,557.2,545,546.4,14234000,2732
2016-12-22,544.2,544.8,539.3,543.2,8113000,2716
2016-12-26,546.5,547.5,538,538.3,4066000,2691.5
2016-12-27,538,543.6,536.6,542.9,5011000,2714.5
2016-12-28,539.3,545.8,537.6,540.2,5299000,2701
2016-12-29,540,541.9,532.5,535.4,4701000,2677
2016-12-30,530.9,531.9,524.5,528.9,5495000,2644.5
2017-01-04,528,539.6,526.7,538.3,7539000,2691.5
2017-01-05,537.3,539.9,535,536.7,4117000,2683.5
2017-01-06,537.8,538.5,532.1,538.3,4917000,2691.5
2017-01-10,529,533.6,525.6,525.6,6248000,2628
2017-01-11,535.6,535.6,529.2,529.7,5503000,2648.5
2017-01-12,530.4,531.3,520.3,521.9,7573000,2609.5
2017-01-13,521.9,535.9,521.9,533.4,7142000,2667
2017-01-16,527.8,530.7,525.9,529.3,4874000,2646.5
2017-01-17,524.3,526.9,518.3,519.2,6619000,2596
2017-01-18,516.1,519.8,512.5,518.8,7393000,2594
2017-01-19,526,531,522.5,525.8,4307000,2629
2017-01-20,524.6,531.5,521.9,528.9,5960000,2644.5
2017-01-23,521.9,525.7,519,523,5030000,2615
2017-01-24,517.8,525,515.9,521.4,9629000,2607
2017-01-25,530,532.5,518.1,521.3,6237000,2606.5
2017-01-26,529.6,530.9,522.1,526.2,7766000,2631
2017-01-27,530,534.8,526.5,528.4,8812000,2642
2017-01-30,522.3,522.8,514.3,519.5,7919000,2597.5
2017-01-31,513.9,515.1,498.4,499.8,11181000,2499
2017-02-01,507.8,508.2,500.8,501.3,8041000,2506.5
2017-02-02,495.3,495.3,485.4,488.5,10915000,2442.5
2017-02-03,508.5,508.5,496.2,499.2,10805000,2496
2017-02-06,494.5,500.1,493.2,498.4,6686000,2492
2017-02-07,491.4,501.1,491.4,498.3,4683000,2491.5
2017-02-08,497.1,505.1,497.1,503.2,6494000,2516
2017-02-09,502.9,512,502.2,511.9,8483000,2559.5
2017-02-10,519.3,528.3,518.5,527,9276000,2635
2017-02-13,526.5,527.2,519.3,520.2,5390000,2601
2017-02-14,530.2,530.2,521.1,523.6,6596000,2618
2017-02-15,525.8,526.6,516.6,518.3,4756000,2591.5
2017-02-16,520.8,520.9,514.1,516.7,4005000,2583.5
2017-02-17,515.2,518,512.6,516.8,4153000,2584
2017-02-20,513.9,518.2,511.6,516.2,3211000,2581
2017-02-21,515,518.9,515,518.9,4000000,2594.5
2017-02-22,520.5,520.9,515.8,517.2,4653000,2586
2017-02-23,517.3,522,513,522,4862000,2610
2017-02-24,519.6,522.9,516.1,517,6768000,2585
2017-02-27,509.5,515.5,506.3,511.3,8186000,2556.5
2017-02-28,517.7,519.5,509,509.8,8426000,2549
2017-03-01,513.6,518.3,510.9,514.1,6609000,2570.5
2017-03-02,517.3,521.9,514.1,520.1,5875000,2600.5
2017-03-03,525.9,525.9,514.2,517,5648000,2585
2017-03-06,510.1,513.5,508.6,509.6,5368000,2548
2017-03-07,508.5,511.2,507.1,508.4,5013000,2542
2017-03-08,510.3,511.9,507.1,511.2,4727000,2556
2017-03-09,511.9,514.7,509.3,512.5,5556000,2562.5
2017-03-10,520.5,526.5,515,521.3,7398000,2606.5
2017-03-13,514.4,522.8,514.4,522.6,5328000,2613
2017-03-14,524.6,526,521.1,521.6,5060000,2608
2017-03-15,520.9,523.2,516.1,517.5,5579000,2587.5
2017-03-16,518.5,521.5,516.1,520.1,4922000,2600.5
2017-03-17,517.3,519.5,512.4,513.4,7691000,2567
2017-03-21,515,516.1,510.6,513.4,3991000,2567
2017-03-22,510,510.5,504.8,505.1,4465000,2525.5
2017-03-23,505.1,509.9,504.6,508.6,4320000,2543
2017-03-24,509.9,514.5,507.7,513.5,3678000,2567.5
2017-03-27,510.1,512.2,505.7,509.9,3794000,2549.5
2017-03-28,512.5,521.8,512.5,520.2,6527000,2601
2017-03-29,517.4,519.2,512.4,515.9,7189000,2579.5
2017-03-30,516.4,518.8,490.2,492.7,16008000,2463.5
2017-03-31,509,516.9,503.2,506.6,14474000,2533
2017-04-03,513.7,518.9,507.2,515.8,8308000,2579
2017-04-04,507.6,523.5,507.6,522.4,9183000,2612
2017-04-05,520.9,525.5,517.1,523.8,7502000,2619
2017-04-06,519.9,521.4,506.4,507.4,6055000,2537
2017-04-07,517.4,517.4,507.1,509.8,7760000,2549
2017-04-10,519.8,520,510.3,511.7,5846000,2558.5
2017-04-11,503.1,509.4,503.1,508.2,5038000,2541
2017-04-12,499.6,507.5,499.5,505.8,6476000,2529
2017-04-13,509.8,510.7,502.5,507.5,6535000,2537.5
2017-04-14,508.8,508.8,495.4,498.4,3986000,2492
2017-04-17,496.3,508.1,496,507.9,3228000,2539.5
2017-04-18,509.1,514.3,506.8,513.7,4615000,2568.5
2017-04-19,507.2,518.8,506.8,516.4,8321000,2582
2017-04-20,516,517.5,506,506,6584000,2530
2017-04-21,511.9,518.8,511.1,517.2,6501000,2586
2017-04-24,519.8,525.4,518,522.7,5916000,2613.5
2017-04-25,526.6,535.6,524.5,529.7,7201000,2648.5
2017-04-26,539.7,539.7,528.7,533.7,7066000,2668.5
2017-04-27,534.1,535,520,520.7,7738000,2603.5
2017-04-28,515.3,521.6,498,517.5,10836000,2587.5
2017-05-01,510.7,523,510.2,522.9,8690000,2614.5
2017-05-02,518.7,522.3,515.1,519.8,8856000,2599
2017-05-08,527.3,538.8,526.3,537.7,10696000,2688.5
2017-05-09,527.7,538.9,527.5,535.8,9443000,2679
2017-05-10,545.8,558.1,544.2,551.5,12546000,2757.5
2017-05-11,546.8,550.1,543.8,549.2,10078000,2746
2017-05-12,551.2,556,546.4,553.8,7467000,2769
2017-05-15,549,556.5,546.6,554.7,6721000,2773.5
2017-05-16,555.1,559.9,553.8,559.3,6621000,2796.5
2017-05-17,564,572,564,571.7,8864000,2858.5
2017-05-18,575,582.6,575,581.5,15271000,2907.5
2017-05-19,574.1,583.5,573.3,583.3,8914000,2916.5
2017-05-22,579.3,586,577,585.5,7373000,2927.5
2017-05-23,585.5,586.5,580.2,581.8,7516000,2909
2017-05-24,585,585.8,577.1,579.8,8326000,2899
2017-05-25,585,588.2,580.5,587.9,8874000,2939.5
2017-05-26,584.3,586.9,579.3,579.3,3952000,2896.5
2017-05-29,578.7,582.6,574.4,580.3,3656000,2901.5
2017-05-30,579.3,584.5,579.3,584.4,3886000,2922
2017-05-31,581,581.3,572.4,575,10857000,2875
2017-06-01,579.8,598.6,578.3,594.1,9335000,2970.5
2017-06-02,592.9,598.2,588.2,592,8174000,2960
2017-06-05,585.4,596.3,583.7,594.2,5754000,2971
2017-06-06,593.2,596.7,588.9,590.4,5721000,2952
2017-06-07,591.8,595.9,587.2,590.1,6526000,2950.5
2017-06-08,590.4,597,587.7,588.8,7394000,2944
2017-06-09,585.8,592.4,585.8,589.7,7031000,2948.5
2017-06-12,593,603.8,591.5,600.9,8115000,3004.5
2017-06-13,598,603.2,596.2,600.4,6935000,3002
2017-06-14,600.1,607,598.5,604,6572000,3020
2017-06-15,604,609.7,600.4,608,6216000,3040
2017-06-16,608.2,609.2,601.7,603.1,7500000,3015.5
2017-06-19,596.5,605.7,594.5,602.9,5372000,3014.5
2017-06-20,603.6,606.4,596.9,597,7898000,2985
2017-06-21,599.8,599.8,587.9,588.8,9261000,2944
2017-06-22,588.1,590.6,585.6,586,8970000,2930
2017-06-23,585.9,586.2,582.1,583.4,5356000,2917
2017-06-26,580.6,587,578.8,586.4,4652000,2932
2017-06-27,586,588.8,584.5,586.3,5072000,2931.5
2017-06-28,586.3,589.5,583,583.8,6118000,2919
2017-06-29,586.5,591.3,585.1,590.5,6876000,2952.5
2017-06-30,586.1,587.5,582,584.3,7115000,2921.5
2017-07-03,583.6,585.1,579.7,581.9,4690000,2909.5
2017-07-04,583,588,577.5,580.7,5840000,2903.5
2017-07-05,578,585,578,583.2,4534000,2916
2017-07-06,582.8,584.8,579.3,581.3,5160000,2906.5
2017-07-07,574.5,579.3,570.6,571.3,4731000,2856.5
2017-07-10,573.5,577.5,572.5,576.3,2785000,2881.5
2017-07-11,575.5,580.5,573.3,577.2,3742000,2886
2017-07-12,574.2,577.1,569.3,569.9,5583000,2849.5
2017-07-13,573.7,577.6,570.1,576.3,5964000,2881.5
2017-07-14,576.7,583.1,575.1,579.2,4348000,2896
2017-07-18,579.1,583.7,575.4,577.7,4380000,2888.5
2017-07-19,575.4,577.5,573.6,574,6990000,2870
2017-07-20,572.5,581,569.5,576.9,6819000,2884.5
2017-07-21,577,583.6,574.9,575.8,6183000,2879
2017-07-24,572,572.4,566.1,571.1,5854000,2855.5
2017-07-25,570.1,573,568.4,571.2,2811000,2856
2017-07-26,572,575.7,568.6,573.5,4319000,2867.5
2017-07-27,572.4,590.2,572.1,588,7489000,2940
2017-07-28,584.2,601.6,583.8,593.5,7008000,2967.5
2017-07-31,590.5,591.8,582.7,585.1,8488000,2925.5
2017-08-01,575.1,577.6,567.2,570.1,10982000,2850.5
2017-08-02,571.7,573,564.4,567.6,6301000,2838
2017-08-03,574.1,579.5,571,571.4,7274000,2857
2017-08-04,572.3,577.3,570.2,576.2,7379000,2881
2017-08-07,578.8,589.2,578.4,588.3,5283000,2941.5
2017-08-08,588.3,590.7,585.3,589.8,4115000,2949
2017-08-09,589.3,590.2,576.9,580.9,5298000,2904.5
2017-08-10,583.9,588.8,581.7,585,6040000,2925
2017-08-14,584.7,591.5,580,582.4,6324000,2912
2017-08-15,583.3,586.3,579.9,582.4,5957000,2912
2017-08-16,582.8,586.9,582.8,583.1,2927000,2915.5
2017-08-17,581.5,581.6,576.5,578.2,5005000,2891
2017-08-18,575.3,578,568.2,574.8,7189000,2874
2017-08-21,579.8,593.2,576.2,592.4,6543000,2962
2017-08-22,591,592.1,579.2,579.6,5848000,2898
2017-08-23,581,581.9,569.1,570.4,8270000,2852
2017-08-24,565.4,567.4,560.5,563,7629000,2815
2017-08-25,558.2,561.2,554.9,559.4,7375000,2797
2017-08-28,564.1,571.5,557.9,570,7002000,2850
2017-08-29,567.5,570.8,565.1,567.3,4200000,2836.5
2017-08-30,567.6,579.5,566.3,577.9,6833000,2889.5
2017-08-31,577.4,584,575.4,583.2,5555000,2916
2017-09-01,582.2,583.2,576.4,580.3,3750000,2901.5
2017-09-04,581,582.9,568.7,572.4,4100000,2862
2017-09-05,571.5,572.4,562.7,566.5,4122000,2832.5
2017-09-06,564.6,568,560.1,568,4394000,2840
2017-09-07,570.2,572.8,567.1,568.1,3417000,2840.5
2017-09-08,573.8,573.8,566.1,568.3,6548000,2841.5
2017-09-11,575,580.1,570.5,573.3,5015000,2866.5
2017-09-12,581,582,575.4,577,3663000,2885
2017-09-13,577,581.1,576.1,579.9,3595000,2899.5
2017-09-14,582,583.8,571.7,572.8,6777000,2864
2017-09-15,578.5,578.7,553.5,555.1,12776000,2775.5
2017-09-19,558.9,576.2,557.7,574.5,10556000,2872.5
2017-09-20,567.5,572.6,560.3,563.4,8216000,2817
2017-09-21,563,566.7,561,564.7,8795000,2823.5
2017-09-22,565.6,567.8,563.4,567.7,5123000,2838.5
2017-09-25,565.4,566.9,554.5,560.1,8300000,2800.5
2017-09-26,560.7,567.4,560.5,564.4,6418000,2822
2017-09-27,2789.5,2794,2763,2763,1000400,2763
2017-09-28,2797,2845,2786,2844,1704200,2844
2017-09-29,2826.5,2826.5,2735.5,2758,2409500,2758
2017-10-02,2765,2785.5,2746.5,2749,977500,2749
2017-10-03,2782.5,2806.5,2778,2798.5,1095100,2798.5
2017-10-04,2805,2849,2804,2836.5,1051400,2836.5
2017-10-05,2845,2886,2841,2859.5,1302500,2859.5
2017-10-06,2872,2878,2812.5,2814.5,1272400,2814.5
2017-10-10,2845.5,2879,2823.5,2874.5,1373700,2874.5
2017-10-11,2858,2891,2854.5,2874,971800,2874
2017-10-12,2890,2906.5,2875.5,2876.5,1074500,2876.5
2017-10-13,2836.5,2909,2833,2887.5,1045800,2887.5
2017-10-16,2880,2924,2874,2896.5,923200,2896.5
2017-10-17,2898,2903,2874.5,2881,893400,2881
2017-10-18,2890,2914,2882,2907.5,844100,2907.5
2017-10-19,2895,2909,2865,2872,1393500,2872
2017-10-20,2870,2898.5,2868,2895,803800,2895
2017-10-23,2918.5,2919.5,2899,2908.5,631000,2908.5
2017-10-24,2925,2965,2921.5,2961.5,1131300,2961.5
2017-10-25,2949.5,2949.5,2885,2895,1179600,2895
2017-10-26,2895,2904,2867,2887,1016000,2887
2017-10-27,2900,2905,2851,2868,1321900,2868
2017-10-30,2887,2887,2823.5,2834.5,1930400,2834.5
2017-10-31,2850,2857.5,2802,2820.5,1465500,2820.5
2017-11-01,2798,2821,2787,2793,2000300,2793
2017-11-02,2793,2799.5,2767.5,2794.5,1488300,2794.5
2017-11-06,2787,2789,2754,2763.5,1456400,2763.5
2017-11-07,2762.5,2800,2736,2800,1810500,2800
2017-11-08,2800,2833.5,2790.5,2833.5,2035000,2833.5
2017-11-09,2836,2922.5,2836,2871.5,2495400,2871.5
2017-11-10,2830,2855,2785.5,2826,1947900,2826
2017-11-13,2811,2832.5,2780,2782.5,1455600,2782.5
2017-11-14,2768,2768,2722,2726,1695100,2726
2017-11-15,2727,2734.5,2663.5,2676.5,1903300,2676.5
2017-11-16,2678.5,2685,2650,2662.5,1134900,2662.5
2017-11-17,2675,2675,2610.5,2618,2056400,2618
2017-11-20,2598,2608,2572.5,2586.5,1273900,2586.5
2017-11-21,2592.5,2628,2577.5,2608.5,1749200,2608.5
2017-11-22,2605,2605.5,2567,2576,1598500,2576
2017-11-24,2600,2612,2587.5,2593,1127400,2593
2017-11-27,2599,2606,2552.5,2559.5,1163000,2559.5
2017-11-28,2574,2616.5,2568.5,2607.5,1644300,2607.5
2017-11-29,2607.5,2626.5,2593,2621.5,1179400,2621.5
2017-11-30,2621.5,2654,2605,2635,2100600,2635
2017-12-01,2645.5,2661,2627.5,2643,1317000,2643
2017-12-04,2641,2643,2589,2592.5,1309000,2592.5
2017-12-05,2588.5,2635.5,2583.5,2633.5,1128800,2633.5
2017-12-06,2621.5,2637.5,2590,2602.5,1274100,2602.5
2017-12-07,2604.5,2618.5,2592.5,2609,859800,2609
2017-12-08,2590,2642,2590,2623.5,1519000,2623.5
2017-12-11,2636.5,2650,2616,2638,964500,2638
2017-12-12,2640.5,2664,2628.5,2641.5,967000,2641.5
2017-12-13,2644,2692.5,2634,2680,1650800,2680
2017-12-14,2693.5,2708.5,2664,2680,1572600,2680
2017-12-15,2663.5,2664,2556,2560,2734500,2560
2017-12-18,2579,2603,2570,2598.5,1113100,2598.5
2017-12-19,2637.5,2668,2602.5,2610,1330000,2610
2017-12-20,2600,2634.5,2592,2633,1361300,2633
2017-12-21,2632,2643,2605,2639.5,1394200,2639.5
2017-12-22,2634,2635,2585.5,2590,1215500,2590
2017-12-25,2604.5,2609.5,2588,2607.5,446200,2607.5
2017-12-26,2602.5,2615.5,2594,2599.5,494700,2599.5
2017-12-27,2599.5,2602.5,2586.5,2596,425100,2596
2017-12-28,2594,2594,2571.5,2575.5,792500,2575.5
2017-12-29,2571,2591,2566.5,2578.5,481200,2578.5
2018-01-04,2613,2636,2605,2623.5,1849200,2623.5
2018-01-05,2638.5,2724,2638,2721,1979200,2721
2018-01-09,2750,2758,2717.5,2746,1287300,2746
2018-01-10,2744.5,2769.5,2708,2718.5,1311600,2718.5
2018-01-11,2700,2722,2690.5,2719,1321200,2719
2018-01-12,2697.5,2699,2640,2649.5,1924800,2649.5
2018-01-15,2668,2686.5,2645,2681,1078700,2681
2018-01-16,2667,2684.5,2662,2677,767400,2677
2018-01-17,2685,2697.5,2645.5,2668.5,1407700,2668.5
2018-01-18,2692.5,2696,2646.5,2652,749300,2652
2018-01-19,2658,2658,2613.5,2628.5,1120700,2628.5
2018-01-22,2628.5,2642.5,2617.5,2637,711800,2637
2018-01-23,2644.5,2682.5,2644.5,2681,1067200,2681
2018-01-24,2676,2713,2660.5,2698.5,953000,2698.5
2018-01-25,2680,2699,2667.5,2673,794600,2673
2018-01-26,2680.5,2707,2660.5,2669,1070200,2669
2018-01-29,2664,2690,2651,2663,1142700,2663
2018-01-30,2660,2671.5,2625.5,2638.5,1166300,2638.5
2018-01-31,2626.5,2668,2590.5,2593,2127400,2593
2018-02-01,2640,2734.5,2638.5,2729,2331300,2729
2018-02-02,2699,2755,2696,2746.5,1482100,2746.5
2018-02-05,2723.5,2741.5,2686.5,2696.5,1145100,2696.5
2018-02-06,2646.5,2657.5,2557.5,2597.5,2357500,2597.5
2018-02-07,2647.5,2697,2641.5,2645.5,1886600,2645.5
2018-02-08,2688,2723.5,2654.5,2709,2327100,2709
2018-02-09,2649.5,2659.5,2621.5,2637.5,1955100,2637.5
2018-02-13,2656,2658.5,2600,2609,1806300,2609
2018-02-14,2607,2652.5,2585.5,2637,1973200,2637
2018-02-15,2637,2645.5,2570.5,2571.5,1620000,2571.5
2018-02-16,2597,2648.5,2591.5,2634.5,1241700,2634.5
2018-02-19,2666,2705,2649,2692.5,1051100,2692.5
2018-02-20,2684,2726,2679.5,2720.5,1110400,2720.5
2018-02-21,2707,2717,2653.5,2683.5,1427200,2683.5
2018-02-22,2635.5,2658,2627.5,2644,1281300,2644
2018-02-23,2643,2673.5,2628,2664.5,926000,2664.5
2018-02-26,2699,2730,2684.5,2716.5,935600,2716.5
2018-02-27,2730,2742,2716,2724,1014800,2724
2018-02-28,2723,2745.5,2685,2685,1796800,2685
2018-03-01,2682,2710,2655.5,2690.5,1581500,2690.5
2018-03-02,2640.5,2659,2596.5,2616,1671500,2616
2018-03-05,2585,2617,2569,2611,904900,2613
2018-03-06,2640,2712.5,2625.5,2699,1691700,2699
2018-03-07,2660.5,2676,2641,2642,1714000,2642
2018-03-08,2664,2675.5,2609,2619,1021900,2619
2018-03-09,2630,2649,2584,2597,1731600,2597
2018-03-12,2636,2644,2614.5,2630.5,730700,2630.5
2018-03-13,2620.5,2697,2617,2697,1605200,2697
2018-03-14,2706,2729,2691,2704,1160200,2704
2018-03-15,2698.5,2734,2683.5,2719,888500,2719
2018-03-16,2713,2726.5,2689.5,2705,1810100,2705
2018-03-19,2705,2724.5,2671.5,2683,906700,2683
2018-03-20,2683,2750,2676,2732.5,1425000,2732.5
2018-03-22,2739.5,2748,2708,2741.5,1501000,2741.5
2018-03-23,2691.5,2754.5,2691.5,2702.5,1660100,2702.5
2018-03-26,2688,2699,2641.5,2674,1248800,2674
2018-03-27,2680.5,2746,2663,2725.5,1938800,2725.5
2018-03-28,2725,2812,2721.5,2810,2522400,2810
2018-03-29,2820.5,2825,2778.5,2818,1501100,2818
2018-03-30,2832,2840,2809.5,2821.5,952200,2821.5
2018-04-02,2803,2828,2784.5,2786.5,554500,2786.5
2018-04-03,2781.5,2815.5,2774.5,2800.5,1153300,2800.5
2018-04-04,2820,2866,2799.5,2853,2193900,2853
2018-04-05,2855.5,2870.5,2830,2844,1712500,2844
2018-04-06,2833.5,2843,2815.5,2816.5,1553500,2816.5
2018-04-09,2816.5,2858.5,2797,2851.5,1408100,2851.5
2018-04-10,2848.5,2863.5,2816,2823,1315400,2823
2018-04-11,2802.5,2807,2764,2786.5,1214700,2786.5
2018-04-12,2810,2822,2791,2805.5,1089700,2805.5
2018-04-13,2811,2823.5,2792,2799,966900,2799
2018-04-16,2789.5,2834,2783.5,2824.5,873500,2824.5
2018-04-17,2819,2829,2806,2809.5,646500,2809.5
2018-04-18,2830,2910,2827,2856,1331800,2856
2018-04-19,2814.5,2859.5,2805,2844.5,1002500,2844.5
2018-04-20,2858,2868.5,2829.5,2846.5,1041300,2846.5
2018-04-23,2850,2851.5,2824,2831,776400,2831
2018-04-24,2841.5,2871.5,2819.5,2868,1122400,2868
2018-04-25,2853.5,2928,2853.5,2919.5,1249800,2919.5
2018-04-26,2919,2939,2896.5,2934,1190600,2934
2018-04-27,2934,2943,2897,2932,1464600,2932
2018-05-01,2910.5,2968.5,2900,2925.5,1437100,2925.5
2018-05-02,2943.5,2957.5,2918.5,2956,1394600,2956
2018-05-07,2935,2949,2918,2941,1262900,2941
2018-05-08,2933.5,2944.5,2916.5,2933,1736700,2933
2018-05-09,2911.5,2938.5,2907,2924.5,1690800,2924.5
2018-05-10,2914,2918.5,2871,2871.5,1620600,2871.5
2018-05-11,2871.5,2923.5,2859,2920,1422400,2920
2018-05-14,2921,2951.5,2921,2944.5,1140200,2944.5
2018-05-15,2959,2990.5,2956,2982,1163200,2982
2018-05-16,2971,2984,2937.5,2939.5,1425100,2939.5
2018-05-17,2951.5,2965,2936.5,2938,1364000,2938
2018-05-18,2930.5,2964.5,2928,2964,1682100,2964
2018-05-21,2973,3006,2972.5,2980.5,1176300,2980.5
2018-05-22,2983,2987,2955,2975,1240900,2975
2018-05-23,2970,2999,2952,2958,1350800,2958
2018-05-24,2960,2979,2956,2968.5,1617700,2968.5
2018-05-25,2963.5,2973,2950.5,2962,1165000,2962
2018-05-28,2973.5,3017,2970,3009,1304600,3009
2018-05-29,2999,3024,2972,2998.5,1086000,2998.5
2018-05-30,2977.5,3004,2969,2987.5,1517200,2987.5
2018-05-31,2994,3003,2948,2965,3584400,2965
2018-06-01,2955,2968.5,2922,2948,1409800,2948
2018-06-04,2955,2983,2945,2971,1202900,2971
2018-06-05,2966.5,2997,2958.5,2985,1135900,2985
2018-06-06,2966.5,3000,2965,2988.5,1329800,2988.5
2018-06-07,2986.5,3015,2984,3015,1300700,3015
2018-06-08,3031,3068,3031,3043,1991800,3043
2018-06-11,3050,3072,3016,3018,1320500,3018
2018-06-12,3026,3037,3001,3026,1463600,3026
2018-06-13,3047,3070,3043,3052,1596800,3052
2018-06-14,3041,3071,3028,3041,1180100,3041
2018-06-15,3052,3053,2980,2994.5,3302800,2994.5
2018-06-18,2972,2980,2879,2885.5,1738100,2885.5
2018-06-19,2870,2880.5,2822,2836.5,1855500,2836.5
2018-06-20,2847.5,2930,2839.5,2924,1949900,2924
2018-06-21,2902,2902,2862.5,2870.5,1231600,2870.5
2018-06-22,2848.5,2859.5,2829,2844.5,1174700,2844.5
2018-06-25,2873.5,2883,2842.5,2848.5,1149800,2848.5
2018-06-26,2851.5,2893,2845,2885.5,1479700,2885.5
2018-06-27,2880.5,2926.5,2869,2910.5,1028000,2910.5
2018-06-28,2918.5,2933,2895,2920.5,980400,2920.5
2018-06-29,2939,2966,2907.5,2940.5,1308000,2940.5
2018-07-02,2921,2924,2868.5,2870.5,1128600,2870.5
2018-07-03,2860,2861.5,2809,2842.5,1547300,2842.5
2018-07-04,2842.5,2895,2842,2873.5,986000,2873.5
2018-07-05,2882,2892,2860,2884,899100,2884
2018-07-06,2876,2886.5,2861.5,2868,1201300,2868
2018-07-09,2874.5,2908.5,2874.5,2897,696600,2897
2018-07-10,2928,2943,2898.5,2898.5,1477400,2898.5
2018-07-11,2886.5,2898.5,2840,2873.5,1040900,2873.5
2018-07-12,2907,2930.5,2887,2914,1400600,2914
2018-07-13,2908.5,2933.5,2896.5,2916,704600,2916
2018-07-17,2933,2964,2924,2949.5,875900,2949.5
2018-07-18,2966,2984,2949,2964,669600,2964
2018-07-19,2936,2936,2870.5,2892,1528200,2892
2018-07-20,2870.5,2888,2857,2880.5,1361800,2880.5
2018-07-23,2860,2887.5,2856,2872.5,876700,2872.5
2018-07-24,2874.5,2898,2870.5,2881,892900,2881
2018-07-25,2910,2936.5,2887.5,2890.5,942200,2890.5
2018-07-26,2897.5,2911,2877.5,2905,1001000,2905
2018-07-27,2925,2940,2786,2885,1851200,2885
2018-07-30,2879,2879,2807,2810,1513600,2810
2018-07-31,2764,2781.5,2691,2723.5,2980900,2723.5
2018-08-01,2702.5,2749,2696,2738,1874300,2738
2018-08-02,2754.5,2794,2753.5,2765,1502600,2765
2018-08-03,2748.5,2748.5,2700.5,2717.5,1430000,2717.5
2018-08-06,2729,2740.5,2700.5,2707,1207300,2707
2018-08-07,2691,2733,2659,2727.5,1019600,2727.5
2018-08-08,2748,2765,2703.5,2704,1364500,2704
2018-08-09,2685.5,2690.5,2663,2676.5,1050900,2676.5
2018-08-10,2683,2686.5,2645.5,2668,943800,2668
2018-08-13,2644,2653.5,2614.5,2622,1141000,2622
2018-08-14,2653.5,2703,2652,2701.5,1562400,2701.5
2018-08-15,2740,2772.5,2714,2729.5,1519500,2729.5
2018-08-16,2702.5,2710,2672.5,2695.5,1089500,2695.5
2018-08-17,2699,2704,2670,2675.5,724900,2675.5
2018-08-20,2665.5,2667.5,2629,2648,1027100,2648
2018-08-21,2648,2663,2642.5,2648,857600,2648
2018-08-22,2642.5,2676,2634,2668.5,996800,2668.5
2018-08-23,2682,2700,2659,2665,856200,2665
2018-08-24,2689.5,2696.5,2664.5,2670.5,781500,2670.5
2018-08-27,2685,2693.5,2678,2686,750600,2686
2018-08-28,2688.5,2702.5,2670,2670.5,887000,2670.5
2018-08-29,2670,2684,2650.5,2663.5,1166900,2663.5
2018-08-30,2676,2680,2634,2640.5,1805800,2640.5
2018-08-31,2625,2655.5,2617,2633,1515900,2633
2018-09-03,2626.5,2642,2615.5,2636,918600,2636
2018-09-04,2632,2633.5,2610.5,2621.5,738100,2621.5
2018-09-05,2606.5,2611,2577,2599,1373800,2599
2018-09-06,2595,2604,2577,2583,1170700,2583
2018-09-07,2583,2624,2583,2623,996400,2623
2018-09-10,2608.5,2626,2601,2611.5,770600,2611.5
2018-09-11,2613,2639.5,2605.5,2633.5,989600,2633.5
2018-09-12,2640,2643,2601.5,2634,1041600,2634
2018-09-13,2650,2687.5,2649.5,2677,1345200,2677
2018-09-14,2727,2727,2681,2704,2265800,2704
2018-09-18,2681.5,2761.5,2676,2754,1727100,2754
2018-09-19,2777.5,2792.5,2746.5,2771,1999800,2771
2018-09-20,2781,2787,2745,2775,1869700,2775
2018-09-21,2772,2778.5,2738.5,2757.5,2532100,2757.5
2018-09-25,2760,2799,2757,2786,2525500,2786
2018-09-26,2752.5,2784.5,2742,2780,1894900,2780
2018-09-27,2784.5,2795,2751.5,2763,1826200,2763
2018-09-28,2788,2798.5,2766,2792.5,2000400,2792.5
2018-10-01,2789,2802,2779,2785.5,847400,2785.5
2018-10-02,2783,2799,2767,2784,1562000,2784
2018-10-03,2795,2813.5,2767,2786.5,1323300,2786.5
2018-10-04,2792,2800,2781,2787.5,1097000,2787.5
2018-10-05,2790,2804.5,2778,2799.5,1270900,2799.5
2018-10-09,2779.5,2788.5,2737.5,2753,1574900,2753
2018-10-10,2770.5,2807.5,2764.5,2792.5,1765500,2792.5
2018-10-11,2742.5,2775.5,2739.5,2763,1452500,2763
2018-10-12,2738,2747,2675.5,2697,1831800,2697
2018-10-15,2662.5,2679,2648,2668,1032000,2668
2018-10-16,2651.5,2680.5,2647.5,2676,974300,2676
2018-10-17,2699,2753,2688,2742,1232900,2742
2018-10-18,2745.5,2791.5,2743.5,2773,1153300,2773
2018-10-19,2769.5,2796,2766,2793.5,1013700,2793.5
2018-10-22,2786.5,2833,2786.5,2808.5,963500,2808.5
2018-10-23,2782,2783,2693.5,2707.5,1674100,2707.5
2018-10-24,2737.5,2773.5,2734.5,2754.5,1947700,2754.5
2018-10-25,2717.5,2771,2708,2755,1778200,2755
2018-10-26,2758.5,2769.5,2718.5,2743.5,1611300,2743.5
2018-10-29,2759,2797.5,2748.5,2766,1115800,2766
2018-10-30,2739.5,2784.5,2700.5,2782.5,3701000,2782.5
2018-10-31,2682.5,2782.5,2681.5,2781,2750500,2781
2018-11-01,2738.5,2765.5,2660.5,2737,2308400,2737
2018-11-02,2737,2737,2644.5,2686,2034800,2686
2018-11-05,2656,2675,2636,2654,1764900,2654
2018-11-06,2678.5,2728,2678.5,2708,1401600,2708
2018-11-07,2732,2756.5,2691.5,2703.5,1796400,2703.5
2018-11-08,2763,2822,2760,2802,1730900,2802
2018-11-09,2808,2849,2807.5,2822,1498100,2822
2018-11-12,2814.5,2849,2795.5,2847.5,886300,2847.5
2018-11-13,2842,2856,2775.5,2820.5,1513400,2820.5
2018-11-14,2805.5,2820,2778,2811,1747100,2811
2018-11-15,2810,2861,2787.5,2859.5,1804800,2859.5
2018-11-16,2837.5,2840,2800.5,2834.5,1863000,2834.5
2018-11-19,2826.5,2859,2819,2851,1379900,2851
2018-11-20,2847.5,2884,2842,2874.5,1449800,2874.5
2018-11-21,2848.5,2873,2828,2861,1496200,2861
2018-11-22,2870.5,2920,2863.5,2911,1299000,2911
2018-11-26,2945,2964,2908.5,2926.5,1254900,2926.5
2018-11-27,2899,2916.5,2871,2906,1497500,2906
2018-11-28,2890,2915.5,2857.5,2909.5,1231000,2909.5
2018-11-29,2930,2947.5,2898,2898,1267000,2898
2018-11-30,2893,2934,2884.5,2924.5,2153500,2924.5
2018-12-03,2952,2968.5,2923.5,2937.5,1196600,2937.5
2018-12-04,2911,2919,2865,2878.5,1932200,2878.5
2018-12-05,2822.5,2873.5,2792,2860,1593300,2860
2018-12-06,2842,2882.5,2833,2874.5,1185500,2874.5
2018-12-07,2876.5,2897.5,2853,2878,1832600,2878
2018-12-10,2842.5,2859,2826.5,2851,1275100,2851
2018-12-11,2865.5,2899,2864,2875.5,2022700,2875.5
2018-12-12,2923,2943.5,2901,2927.5,2237000,2927.5
2018-12-13,2937,2970,2916,2918,1519300,2918
2018-12-14,2913.5,2943,2905,2919,1589000,2919
2018-12-17,2941,2985,2941,2956.5,1598100,2956.5
2018-12-18,2950.5,2966.5,2876.5,2900.5,1465600,2900.5
2018-12-19,2870,2873.5,2731,2776,2797700,2776
2018-12-20,2792.5,2854,2788,2823.5,1825900,2823.5
2018-12-21,2856,2862.5,2743.5,2773.5,2729100,2773.5
2018-12-25,2742,2742,2617.5,2673.5,1994900,2673.5
2018-12-26,2677.5,2740,2656,2699,1333800,2699
2018-12-27,2750,2812.5,2734.5,2790.5,1373100,2790.5
2018-12-28,2767.5,2799,2738.5,2785.5,1123100,2785.5
2019-01-04,2758,2807,2754,2796,1939300,2796
2019-01-07,2853,2875,2817.5,2839.5,1302400,2839.5
2019-01-08,2839.5,2872,2821.5,2821.5,1239600,2821.5
2019-01-09,2840,2885.5,2831,2867,1319200,2867
2019-01-10,2850.5,2895,2842.5,2891,1050900,2891
2019-01-11,2898,2935.5,2888.5,2923,918500,2923
2019-01-15,2894.5,2924,2870,2870.5,1378200,2870.5
2019-01-16,2882.5,2924.5,2882,2907,1058200,2907
2019-01-17,2911.5,2915.5,2886,2911,838300,2911
2019-01-18,2917,2967.5,2912.5,2940,930000,2940
2019-01-21,2969.5,2978,2936,2936.5,828900,2936.5
2019-01-22,2965,2989,2942,2958,927800,2958
2019-01-23,2954,2966.5,2918,2918.5,924500,2918.5
2019-01-24,2890.5,2901.5,2869,2877.5,1563100,2877.5
2019-01-25,2879,2905.5,2853.5,2865.5,1527100,2865.5
2019-01-28,2860,2862.5,2806,2818.5,1205600,2818.5
2019-01-29,2838.5,2903.5,2838.5,2886.5,1826000,2886.5
2019-01-30,2872,2891.5,2859.5,2859.5,1411500,2859.5
2019-01-31,2900,2900,2798,2858.5,1875600,2858.5
2019-02-01,2880,2917.5,2859,2892.5,1587400,2892.5
2019-02-04,2901,3008,2901,2930,1679500,2930
2019-02-05,2945,2980.5,2942.5,2960.5,902700,2960.5
2019-02-06,2941.5,2961,2912,2936,1166600,2936
2019-02-07,2911,2916,2886.5,2907.5,958600,2907.5
2019-02-08,2891.5,2917.5,2884,2908.5,898300,2908.5
2019-02-12,2931.5,2955.5,2901.5,2945,1151100,2945
2019-02-13,2959,2971.5,2929,2938.5,971400,2938.5
2019-02-14,2930.5,2980,2926,2977.5,1226400,2977.5
2019-02-15,2957,2995.5,2940,2995,1120100,2995
2019-02-18,3008,3030,2971.5,2985,1194200,2985
2019-02-19,3004,3057,3004,3052,1379000,3052
2019-02-20,3039,3060,3017,3060,1117300,3060
2019-02-21,3053,3078,3031,3051,1228800,3051
2019-02-22,3062,3081,3053,3057,651400,3057
2019-02-25,3062,3070,3038,3066,888500,3066
2019-02-26,3069,3089,3060,3076,763400,3076
2019-02-27,3090,3141,3088,3109,1351400,3109
2019-02-28,3088,3094,3063,3065,1751400,3065
2019-03-01,3060,3077,3038,3051,1114000,3051
2019-03-04,3068,3069,3013,3020,1208700,3020
2019-03-05,3015,3033,3003,3022,755000,3022
2019-03-06,3006,3040,2995.5,3033,998100,3033
2019-03-07,3037,3057,3012,3031,1286800,3031
2019-03-08,3010,3041,3010,3019,1497800,3019
2019-03-11,3032,3087,3029,3063,841300,3063
2019-03-12,3064,3107,3062,3092,1026700,3092
2019-03-13,3092,3100,3068,3071,997500,3071
2019-03-14,3110,3126,3070,3077,997600,3077
2019-03-15,3074,3095,3064,3085,1389500,3085
2019-03-18,3100,3128,3088,3119,881300,3119
2019-03-19,3113,3122,3073,3080,722300,3080
2019-03-20,3090,3104,3056,3074,819400,3074
2019-03-22,3096,3107,3062,3091,1000600,3091
2019-03-25,3072,3082,3050,3072,1014200,3072
2019-03-26,3107,3138,3088,3097,1613600,3097
2019-03-27,3051,3066,3004,3047,1508400,3047
2019-03-28,3013,3029,2984,3010,1130300,3010
2019-03-29,3023,3039,2983,2993.5,951000,2993.5
2019-04-01,3027,3041,3005,3014,1134500,3014
2019-04-02,3045,3045,2969,2971.5,1230100,2971.5
2019-04-03,2978,2994,2958,2992.5,1250300,2992.5
2019-04-04,2990,2991.5,2961,2973,785000,2973
2019-04-05,2973,3014,2969,2999.5,1343700,2999.5
2019-04-08,2995,3038,2988.5,3019,1093200,3019
2019-04-09,2983,2988,2941,2967,1425700,2967
2019-04-10,2941,2959.5,2922,2945.5,1280300,2945.5
2019-04-11,2934.5,2952,2920,2948,1010800,2948
2019-04-12,2934,2939.5,2889,2899.5,1978300,2899.5
2019-04-15,2912,2919,2850.5,2872.5,2185900,2872.5
2019-04-16,2877,2897,2848.5,2852,1128100,2852
2019-04-17,2841.5,2847.5,2794,2795.5,2013000,2795.5
2019-04-18,2803,2803,2771,2777.5,955900,2777.5
2019-04-19,2740,2745.5,2710.5,2730.5,1309400,2730.5
2019-04-22,2719.5,2768,2701,2755,1174900,2755
2019-04-23,2751.5,2790,2747.5,2777,1201400,2777
2019-04-24,2783.5,2783.5,2714.5,2725,1802100,2725
2019-04-25,2775,2788.5,2747,2777.5,1639500,2777.5
2019-04-26,2752,2843,2752,2827,2067100,2827
2019-05-07,2830,2852,2726,2772.5,2340000,2772.5
2019-05-08,2751.5,2771.5,2685.5,2706,1799400,2706
2019-05-09,2670,2687.5,2646,2667.5,1437300,2667.5
2019-05-10,2651,2692,2641,2685,1714900,2685
2019-05-13,2690.5,2726,2671,2706,1548900,2706
2019-05-14,2656,2712,2655,2708,1535200,2708
2019-05-15,2698.5,2717.5,2668.5,2682,2421900,2682
2019-05-16,2684.5,2738.5,2683,2738.5,1210700,2738.5
2019-05-17,2740,2752,2721,2741.5,1301100,2741.5
2019-05-20,2738,2761.5,2728.5,2757.5,1236100,2757.5
2019-05-21,2762,2790,2735,2743.5,1888600,2743.5
2019-05-22,2743.5,2753.5,2687.5,2690.5,1698900,2690.5
2019-05-23,2695.5,2752,2695,2748,1727600,2748
2019-05-24,2746,2772,2737.5,2757,1482500,2757
2019-05-27,2769,2799,2758.5,2792.5,1081700,2792.5
2019-05-28,2774,2776.5,2726,2726,1857300,2726
2019-05-29,2703,2718.5,2681.5,2697.5,1380300,2697.5
2019-05-30,2677,2691,2657.5,2684.5,1458300,2684.5
2019-05-31,2671,2707,2670,2697.5,1392800,2697.5
2019-06-03,2679.5,2741,2672,2741,1687400,2741
2019-06-04,2750,2758.5,2703,2716,1481500,2716
2019-06-05,2703.5,2717,2672.5,2683,1856300,2683
2019-06-06,2648,2695.5,2621,2676,1840100,2676
2019-06-07,2669.5,2684.5,2643,2676,1462500,2676
2019-06-10,2683,2732,2676,2726,1189600,2726
2019-06-11,2722,2754.5,2713,2749.5,1213300,2749.5
2019-06-12,2729.5,2740.5,2702,2722,1428400,2722
2019-06-13,2731.5,2735.5,2701,2707,1217000,2707
2019-06-14,2705,2705,2676.5,2677.5,1345100,2677.5
2019-06-17,2669,2674.5,2638.5,2638.5,1211200,2638.5
2019-06-18,2617,2617,2570.5,2579.5,1684700,2579.5
2019-06-19,2596,2633.5,2592,2615.5,1514400,2615.5
2019-06-20,2635,2663,2620,2623,1553600,2623
2019-06-21,2621,2641,2605,2619.5,2552800,2619.5
2019-06-24,2627,2634.5,2583,2598,1544800,2598
2019-06-25,2588.5,2597,2552.5,2553,1639800,2553
2019-06-26,2531.5,2536,2507,2524.5,1331900,2524.5
2019-06-27,2507.5,2516,2483.5,2516,1865100,2516
2019-06-28,2531.5,2543,2515.5,2537.5,1515600,2537.5
2019-07-01,2565,2596.5,2560.5,2592.5,1421000,2592.5
2019-07-02,2600,2624.5,2600,2607,1329100,2607
2019-07-03,2622.5,2638.5,2615,2634,1276200,2634
2019-07-04,2651,2687.5,2645.5,2681.5,1595400,2681.5
2019-07-05,2678.5,2697,2678.5,2684.5,1303300,2684.5
2019-07-08,2666,2683,2661,2674,1158500,2674
2019-07-09,2724,2743.5,2679.5,2693,2100100,2693
2019-07-10,2692.5,2715,2663,2686,1849700,2686
2019-07-11,2675.5,2692,2667.5,2674.5,1179900,2674.5
2019-07-12,2676,2686,2658.5,2686,770800,2686
2019-07-16,2669,2671,2629,2634,943900,2634
2019-07-17,2618.5,2681,2607,2671,1402600,2671
2019-07-18,2665,2665,2608,2621.5,1557300,2621.5
2019-07-19,2610,2673,2605.5,2669.5,1063400,2669.5
2019-07-22,2663,2687,2651.5,2671.5,1204800,2671.5
2019-07-23,2660,2675.5,2641,2665,805700,2665
2019-07-24,2652.5,2668,2625.5,2652.5,1505100,2652.5
2019-07-25,2657.5,2675,2646.5,2659,807600,2659
2019-07-26,2640,2660.5,2632,2654.5,617700,2654.5
2019-07-29,2638,2709,2637,2669,1282400,2669
2019-07-30,2694,2726.5,2675,2702,1171300,2702
2019-07-31,2680.5,2726.5,2660.5,2721.5,1675900,2721.5
2019-08-01,2691.5,2710,2672,2710,1049400,2710
2019-08-02,2678.5,2709,2669,2693,1116900,2693
2019-08-05,2672,2685.5,2622,2661.5,873100,2661.5
2019-08-06,2601,2635.5,2577,2634,948700,2634
2019-08-07,2618.5,2684,2614,2674.5,785900,2674.5
2019-08-08,2679.5,2685.5,2644.5,2679,832100,2679
2019-08-09,2682,2697,2670.5,2672.5,788300,2672.5
2019-08-13,2657,2682.5,2641,2657.5,880900,2657.5
2019-08-14,2673,2685.5,2640.5,2658.5,951700,2658.5
2019-08-15,2651.5,2686.5,2637,2683.5,1023600,2683.5
2019-08-16,2676,2707.5,2645.5,2703,891900,2703
2019-08-19,2715.5,2725.5,2695,2709.5,554500,2709.5
2019-08-20,2727.5,2741,2717,2721.5,794900,2721.5
2019-08-21,2700,2707.5,2666,2672.5,760800,2672.5
2019-08-22,2662,2673,2647.5,2661.5,799500,2661.5
2019-08-23,2668,2692.5,2648.5,2660.5,646900,2660.5
2019-08-26,2611,2636,2589.5,2622,788000,2622
2019-08-27,2651,2653.5,2633,2642.5,1077300,2642.5
2019-08-28,2633.5,2669,2627.5,2664,1173300,2664
2019-08-29,2674,2681,2656,2670,964100,2670
2019-08-30,2680,2687.5,2656,2685.5,1236900,2685.5
2019-09-02,2679.5,2694.5,2663.5,2675.5,570200,2675.5
2019-09-03,2681,2716,2671,2711,701700,2711
2019-09-04,2715.5,2723,2665,2678,1211500,2678
2019-09-05,2687.5,2707.5,2671.5,2687,1309500,2687
2019-09-06,2671,2671,2613.5,2616.5,1338300,2616.5
2019-09-09,2610,2621.5,2589,2621,1154400,2621
2019-09-10,2612,2612.5,2576,2581,1228500,2581
2019-09-11,2585,2627.5,2582.5,2617.5,1210800,2617.5
2019-09-12,2653.5,2695,2648.5,2686,1464000,2686
2019-09-13,2705.5,2735,2679,2730.5,1835300,2730.5
2019-09-17,2734.5,2753.5,2688.5,2752,1088000,2752
2019-09-18,2781,2797,2770,2784,845500,2784
2019-09-19,2805,2870,2803.5,2827.5,1480700,2827.5
2019-09-20,2849,2850,2787.5,2800,2075800,2800
2019-09-24,2824,2846.5,2800.5,2824.5,1010300,2824.5
2019-09-25,2840,2871,2828,2850.5,1022900,2850.5
2019-09-26,2862.5,2878.5,2850.5,2856,1328600,2856
2019-09-27,2854.5,2855.5,2728,2753.5,2418700,2753.5
2019-09-30,2720,2739,2709.5,2724.5,1423600,2724.5
2019-10-01,2765.5,2827,2765.5,2781.5,1790700,2781.5
2019-10-02,2779,2838.5,2779,2837,1046500,2837
2019-10-03,2787,2800,2761,2779.5,771500,2779.5
2019-10-04,2762,2786,2755,2786,567800,2786
2019-10-07,2787.5,2797.5,2765.5,2769.5,543200,2769.5
2019-10-08,2788,2794,2753.5,2757.5,817200,2757.5
2019-10-09,2744,2781.5,2744,2770,718800,2770
2019-10-10,2770,2792.5,2736,2749.5,831400,2749.5
2019-10-11,2771,2771,2738,2750.5,605400,2750.5
2019-10-15,2786,2804.5,2777.5,2797,844500,2797
2019-10-16,2798,2804.5,2710.5,2719,1997700,2719
2019-10-17,2727.5,2728,2679.5,2682.5,1384300,2682.5
2019-10-18,2687.5,2703.5,2668,2681,900900,2681
2019-10-21,2710,2723.5,2690.5,2701,897700,2701
2019-10-23,2724,2763,2721.5,2760.5,1588300,2760.5
2019-10-24,2768,2789,2759.5,2764.5,775100,2764.5
2019-10-25,2765,2769,2745,2766.5,611900,2766.5
2019-10-28,2748.5,2752.5,2730,2730.5,595000,2730.5
2019-10-29,2728,2754,2726.5,2743.5,1005000,2743.5
2019-10-30,2769.5,2788.5,2752.5,2760.5,1567900,2760.5
2019-10-31,2725,2735.5,2622,2646,2060200,2646
2019-11-01,2631,2669.5,2628,2635,1402600,2635
2019-11-05,2620,2629,2590.5,2618.5,1555000,2618.5
2019-11-06,2597,2598.5,2580.5,2591.5,1732600,2591.5
2019-11-07,2600,2619,2593.5,2611.5,1278000,2611.5
2019-11-08,2623.5,2624,2587.5,2602.5,1564000,2602.5
2019-11-11,2608,2620.5,2595,2615,1002500,2615
2019-11-12,2615,2622,2592.5,2600.5,1147100,2600.5
2019-11-13,2582,2588,2570.5,2573.5,1385300,2573.5
2019-11-14,2594,2597,2531.5,2540,1667300,2540
2019-11-15,2553.5,2568,2537,2558,1284900,2558
2019-11-18,2564.5,2582.5,2541,2582,992000,2582
2019-11-19,2561,2591,2557.5,2581,1003200,2581
2019-11-20,2580,2589,2558.5,2575.5,1197300,2575.5
2019-11-21,2573,2601,2558,2601,1723900,2601
2019-11-22,2590,2593.5,2571,2571,1375300,2571
2019-11-25,2584.5,2609,2580.5,2607.5,1064200,2607.5
2019-11-26,2606.5,2629,2599.5,2616,2840900,2616
2019-11-27,2630,2672,2627,2654.5,1610700,2654.5
2019-11-28,2659.5,2660.5,2618.5,2647.5,1117600,2647.5
2019-11-29,2655,2672.5,2643.5,2644.5,1107300,2644.5
2019-12-02,2647.5,2666.5,2640,2653,863500,2653
2019-12-03,2630,2638.5,2613,2628.5,1216600,2628.5
2019-12-04,2613,2656.5,2611,2652.5,1137100,2652.5
2019-12-05,2650.5,2660,2637.5,2657,1388800,2657
2019-12-06,2662,2670.5,2655,2662.5,944100,2662.5
2019-12-09,2675,2675,2658,2663,831900,2663
2019-12-10,2651,2652,2607,2618.5,1367700,2618.5
2019-12-11,2603.5,2667,2602.5,2653,1957400,2653
2019-12-12,2673,2677.5,2648,2650.5,1550600,2650.5
2019-12-13,2696.5,2732,2683,2706,1819200,2706
2019-12-16,2682.5,2694.5,2663,2672,1104600,2672
2019-12-17,2691,2725.5,2674.5,2725.5,1077000,2725.5
2019-12-18,2728,2739.5,2716,2732,1069100,2732
2019-12-19,2731,2731,2688.5,2697.5,816000,2697.5
2019-12-20,2707.5,2710.5,2676.5,2684.5,1394000,2684.5
2019-12-23,2695,2695,2661,2662,608500,2662
2019-12-24,2655,2669,2652,2667,520600,2667
2019-12-25,2653,2660.5,2642,2642.5,327700,2642.5
2019-12-26,2650,2663,2646.5,2662,374000,2662
2019-12-27,2678,2703,2674,2693,545300,2693
2019-12-30,2669,2671.5,2650.5,2651.5,638200,2651.5
2020-01-06,2626,2646,2601,2613.5,957900,2613.5
2020-01-07,2633,2642,2615.5,2615.5,917900,2615.5
2020-01-08,2570.5,2610,2557,2603,1138500,2603
2020-01-09,2630,2658,2625,2647,1004200,2647
2020-01-10,2642.5,2652,2626,2633,666000,2633
2020-01-14,2625,2628,2575,2582,1328300,2582
2020-01-15,2582,2594,2554.5,2557,1369900,2557
2020-01-16,2554,2561,2532,2558,1172400,2558
2020-01-17,2554.5,2560,2538.5,2541,1348000,2541
2020-01-20,2549.5,2580.5,2549.5,2562,859600,2562
2020-01-21,2576.5,2585,2555,2568,940800,2568
2020-01-22,2565,2579.5,2542,2543.5,1537200,2543.5
2020-01-23,2533,2536,2490,2507,1913600,2507
2020-01-24,2511.5,2526,2497,2497.5,1571600,2497.5
2020-01-27,2470,2483,2458,2460,1333000,2460
2020-01-28,2445,2452.5,2423,2437.5,1572300,2437.5
2020-01-29,2430,2444.5,2424,2437,1128400,2437
2020-01-30,2436.5,2448,2420,2437.5,1125500,2437.5
2020-01-31,2432,2473,2407,2408,1865700,2408
2020-02-03,2394,2448.5,2388,2431.5,1434000,2431.5
2020-02-04,2403.5,2433.5,2396,2405.5,1334200,2405.5
2020-02-05,2420.5,2428,2402.5,2414.5,1312800,2414.5
2020-02-06,2439.5,2457,2427,2444.5,1703900,2444.5
2020-02-07,2439.5,2463.5,2437,2456.5,1490400,2456.5
2020-02-10,2450.5,2476.5,2436.5,2463,1446700,2463
2020-02-12,2455,2455.5,2417.5,2418,1300500,2418
2020-02-13,2394.5,2408.5,2380,2391,1788700,2391
2020-02-14,2399,2401,2374,2387,1190400,2387
2020-02-17,2376.5,2387,2359.5,2384,885000,2384
2020-02-18,2392.5,2413,2376,2377.5,866800,2377.5
2020-02-19,2387.5,2398,2372.5,2392,992300,2392
2020-02-20,2398,2406,2378.5,2379,830700,2379
2020-02-21,2380,2396.5,2376,2388.5,850100,2388.5
2020-02-25,2321,2358,2301,2336.5,1749600,2336.5
2020-02-26,2311.5,2331.5,2303.5,2308.5,1115200,2308.5
2020-02-27,2285,2296.5,2258,2258,1387000,2258
2020-02-28,2215,2231,2166.5,2183,2583500,2183
2020-03-02,2130.5,2171.5,2119,2149,1666000,2149
2020-03-03,2186,2188.5,2142,2147,1696400,2147
2020-03-04,2137.5,2170,2105.5,2147,1079100,2147
2020-03-05,2197,2208,2172.5,2200.5,1570600,2200.5
2020-03-06,2170,2207,2164.5,2205,2051400,2205
2020-03-09,2200,2217,2172,2210,2921300,2210
2020-03-10,2225.5,2317,2204.5,2276,3748900,2276
2020-03-11,2256.5,2359.5,2252,2356,3458300,2356
2020-03-12,2347,2365,2262.5,2298,4018100,2298
2020-03-13,2157.5,2245.5,2113.5,2184.5,3689600,2184.5
2020-03-16,2160.5,2210,2122,2130.5,3150200,2130.5
2020-03-17,2090.5,2275,2061.5,2243.5,3665200,2243.5
2020-03-18,2279,2395,2256.5,2279,3338400,2279
2020-03-19,2351,2485,2323.5,2362.5,4543000,2362.5
2020-03-23,2362.5,2365.5,2236.5,2320.5,4187100,2320.5
2020-03-24,2340,2344.5,2223.5,2231.5,3526100,2231.5
2020-03-25,2275,2422.5,2223,2409.5,3887800,2409.5
2020-03-26,2370,2378.5,2303,2334,2701500,2334
2020-03-27,2470,2595,2452,2595,3766900,2595
2020-03-30,2545.5,2646.5,2538.5,2646.5,2208600,2646.5
2020-03-31,2625,2633,2536.5,2556,2157400,2556
2020-04-01,2520,2573.5,2479,2494.5,1536200,2494.5
2020-04-02,2522.5,2565,2469.5,2475,1734600,2475
2020-04-03,2484,2580,2483.5,2569,1754700,2569
2020-04-06,2594,2615,2550.5,2584.5,1666700,2584.5
2020-04-07,2585,2600.5,2531,2564.5,1757600,2564.5
2020-04-08,2593,2638,2576,2595.5,1764200,2595.5
2020-04-09,2585.5,2592.5,2508.5,2551.5,1082300,2551.5
2020-04-10,2578,2620,2552,2613.5,907800,2613.5
2020-04-13,2574.5,2610.5,2566.5,2590.5,662000,2590.5
2020-04-14,2608,2644,2598,2623.5,1417300,2623.5
2020-04-15,2608,2669,2579.5,2669,1386200,2669
2020-04-16,2600,2657.5,2588,2643,1614100,2643
2020-04-17,2669,2682.5,2639.5,2652,1153500,2652
2020-04-20,2602,2635,2601.5,2613.5,1010400,2613.5
2020-04-21,2593,2627.5,2592,2624.5,784900,2624.5
2020-04-22,2624,2664.5,2616,2645.5,1046200,2645.5
2020-04-23,2658,2658,2573,2623,1307600,2623
2020-04-24,2560,2570,2467.5,2483,2916900,2483
2020-04-27,2455,2457.5,2403.5,2403.5,1942900,2403.5
2020-04-28,2423.5,2448,2365.5,2411,1972800,2411
2020-04-30,2401,2447,2356.5,2358,1900800,2358
2020-05-01,2365.5,2451.5,2365.5,2447,1940300,2447
2020-05-07,2409.5,2487.5,2405.5,2480.5,1656100,2480.5
2020-05-08,2514,2558.5,2478,2491.5,1740900,2491.5
2020-05-11,2496,2537.5,2487,2515.5,1093400,2515.5
2020-05-12,2537.5,2572,2526,2548.5,900100,2548.5
2020-05-13,2528.5,2559.5,2512.5,2540.5,1030700,2540.5
2020-05-14,2516,2532,2488,2488,817200,2488
2020-05-15,2480,2507,2464.5,2471.5,927000,2471.5
2020-05-18,2450.5,2465,2424.5,2440.5,976700,2440.5
2020-05-19,2473.5,2482.5,2453,2475.5,900400,2475.5
2020-05-20,2468.5,2483,2459,2460,749700,2460
2020-05-21,2447,2459,2421,2430.5,986000,2430.5
2020-05-22,2429,2447,2410,2411.5,825600,2411.5
2020-05-25,2429.5,2446.5,2412,2415,597400,2415
2020-05-26,2417,2444.5,2411.5,2444.5,784800,2444.5
2020-05-27,2457.5,2527.5,2451,2521,1678000,2521
2020-05-28,2563,2591,2531.5,2553.5,1480400,2553.5
2020-05-29,2580,2580,2553.5,2570.5,2068400,2570.5
2020-06-01,2571,2644,2565,2632.5,835200,2632.5
2020-06-02,2627,2654,2613.5,2654,1013500,2654
2020-06-03,2660,2676,2621.5,2636,1176800,2636
2020-06-04,2633,2635.5,2569,2570,1136900,2570
2020-06-05,2520.5,2554.5,2515.5,2541,1110100,2541
2020-06-08,2574,2578,2521,2549.5,1455500,2549.5
2020-06-09,2550,2575.5,2548,2571,1031100,2571
2020-06-10,2600,2602,2552.5,2562.5,1243400,2562.5
2020-06-11,2551,2555.5,2496,2508.5,1228300,2508.5
2020-06-12,2486,2510.5,2466,2507,1485000,2507
2020-06-15,2478,2523,2469.5,2469.5,1009400,2469.5
2020-06-16,2482.5,2529,2440,2515,1538500,2515
2020-06-17,2544,2547.5,2494,2494,1049800,2494
2020-06-18,2502,2527.5,2474,2490,1128300,2490
2020-06-19,2494.5,2517,2475,2501,2032900,2501
2020-06-22,2504.5,2544,2497,2500.5,1030000,2500.5
2020-06-23,2509.5,2548.5,2496,2527.5,1052000,2527.5
2020-06-24,2527,2527,2490,2498.5,1099800,2498.5
2020-06-25,2506,2522.5,2492.5,2508.5,1245500,2508.5
2020-06-26,2508,2530,2491,2524,957800,2524
2020-06-29,2515,2539.5,2502,2526.5,1204700,2526.5
2020-06-30,2566,2593.5,2535,2580,1679800,2580
2020-07-01,2583,2583,2499,2509,1346900,2509
2020-07-02,2530.5,2542.5,2503,2542,1365100,2542
2020-07-03,2543,2591.5,2533,2589,1013500,2589
2020-07-06,2580.5,2635,2570.5,2622,1111800,2622
2020-07-07,2609.5,2610.5,2587,2591.5,952100,2591.5
2020-07-08,2600.5,2633,2575.5,2575.5,941100,2575.5
2020-07-09,2549,2593.5,2532.5,2580.5,825800,2580.5
2020-07-10,2603.5,2609.5,2567.5,2568.5,857500,2568.5
2020-07-13,2609,2635,2591,2635,917300,2635
2020-07-14,2648,2653.5,2608.5,2611.5,996900,2611.5
2020-07-15,2611,2631.5,2591.5,2597.5,1004100,2597.5
2020-07-16,2565,2590,2536,2539,1133400,2539
2020-07-17,2553,2577,2545.5,2560.5,710100,2560.5
2020-07-20,2548.5,2569.5,2535,2559.5,515200,2559.5
2020-07-21,2568,2585,2561,2572,997200,2572
2020-07-22,2601,2635,2589.5,2600.5,1065400,2600.5
2020-07-27,2602,2695,2597.5,2695,1716200,2695
2020-07-28,2689.5,2690.5,2573.5,2594.5,1304800,2594.5
2020-07-29,2680,2695.5,2425.5,2445,3398000,2445
2020-07-30,2404,2422,2246.5,2253,3569800,2253
2020-07-31,2252,2295,2224,2230.5,1983700,2230.5
2020-08-03,2267,2294,2253,2279.5,1308800,2279.5
2020-08-04,2237,2254,2222,2242,1376900,2242
2020-08-05,2234.5,2234.5,2165,2182.5,1728000,2182.5
2020-08-06,2170.5,2192,2141,2148.5,1612000,2148.5
2020-08-07,2157.5,2168,2142,2160,1089900,2160
2020-08-11,2190.5,2254.5,2183,2246.5,1812000,2246.5
2020-08-12,2230,2362,2216,2345.5,2285100,2345.5
2020-08-13,2347,2354,2312.5,2347,1508600,2347
2020-08-14,2344.5,2406.5,2327.5,2401,2065800,2401
2020-08-17,2385.5,2406.5,2362.5,2370,1189400,2370
2020-08-18,2361,2380,2345,2376,884200,2376
2020-08-19,2351.5,2379,2351,2369,715700,2369
2020-08-20,2370,2396.5,2356.5,2365.5,762100,2365.5
2020-08-21,2366,2373,2333,2353.5,881400,2353.5
2020-08-24,2353,2365,2329,2330.5,727800,2330.5
2020-08-25,2359.5,2370,2343,2347.5,765900,2347.5
2020-08-26,2323.5,2339.5,2317,2328.5,502700,2328.5
2020-08-27,2321,2334,2311,2322.5,881400,2322.5
2020-08-28,2349.5,2367,2300,2316,990600,2316
2020-08-31,2350,2393,2335.5,2356.5,1788800,2356.5
2020-09-01,2350,2367,2323,2356.5,932300,2356.5
2020-09-02,2329,2361.5,2315,2356,641900,2356
2020-09-03,2372,2376,2354,2357.5,623100,2357.5
2020-09-04,2351,2365,2330,2344,625000,2344
2020-09-07,2345,2358,2323.5,2330.5,542600,2330.5
2020-09-08,2306.5,2329.5,2294.5,2329.5,725200,2329.5
2020-09-09,2283,2331.5,2283,2322,1108000,2322
2020-09-10,2322.5,2342.5,2316.5,2334.5,703900,2334.5
2020-09-11,2334.5,2375,2323.5,2370.5,1096300,2370.5
2020-09-14,2371.5,2414.5,2363,2397,718600,2397
2020-09-15,2377,2382,2333.5,2359,820300,2359
2020-09-16,2354,2371.5,2343.5,2360.5,974500,2360.5
2020-09-17,2401.5,2401.5,2353,2358.5,1205700,2358.5
2020-09-18,2355.5,2379.5,2338.5,2375.5,1851100,2375.5
2020-09-23,2380.5,2417,2367.5,2413,1591500,2413
2020-09-24,2395,2399,2353.5,2385.5,1180500,2385.5
2020-09-25,2420,2443,2402.5,2441,1781300,2441
2020-09-28,2475,2507,2451.5,2505.5,1458400,2505.5
2020-09-29,2474.5,2477,2410.5,2444,1103300,2444
2020-09-30,2429,2459,2401.5,2406,1511300,2406
2020-10-02,2390,2418.5,2341,2356.5,987800,2356.5
2020-10-19,2360.5,2392,2360.5,2383,500200,2383
2020-10-20,2371.5,2390.5,2321.5,2326.5,750700,2326.5
2020-10-21,2326.5,2351.5,2316.5,2342,755500,2342
2020-10-22,2335,2340,2302.5,2306,623400,2306
2020-10-23,2300,2318,2290,2308.5,752800,2308.5
2020-10-26,2308,2332.5,2306,2330,535100,2330
2020-10-27,2335,2345.5,2298,2323,597700,2323
2020-10-28,2305,2325.5,2298.5,2315,733800,2315
2020-10-29,2277,2313,2242,2295,1490900,2295
2020-10-30,2202.5,2381,2201,2365.5,2249000,2365.5
2020-11-02,2365.5,2425,2360.5,2404.5,1548800,2404.5
2020-11-04,2433,2435,2369.5,2378,1479200,2378
2020-11-05,2404.5,2438.5,2390,2432.5,1344400,2432.5
2020-11-06,2475.5,2525.5,2450,2505,1623900,2505
2020-11-09,2515,2515,2455.5,2474,960700,2474
2020-11-10,2548,2555.5,2507.5,2532,1455200,2532
2020-11-11,2590,2608,2556,2579,1806400,2579
2020-11-12,2554.5,2602.5,2553,2577.5,1134400,2577.5
2020-11-13,2582,2607,2561,2586.5,1043900,2586.5
2020-11-16,2600,2614.5,2576,2595,909000,2595
2020-11-17,2608.5,2627.5,2594.5,2622.5,1280900,2622.5
2020-11-18,2609.5,2636,2588.5,2623,953600,2623
2020-11-20,2585.5,2605.5,2567.5,2567.5,1275800,2567.5
2020-11-24,2617.5,2639,2598,2631.5,1535200,2631.5
2020-11-25,2650,2652,2569.5,2591,1319800,2591
2020-11-26,2581.5,2588,2522.5,2525,1128600,2525
2020-11-27,2517,2524,2450.5,2458.5,1958600,2458.5
2020-11-30,2430.5,2438,2335,2344.5,3925000,2344.5
2020-12-01,2294.5,2304.5,2211,2242.5,4226800,2242.5
2020-12-02,2263,2288,2244,2272,2243100,2272
2020-12-03,2299.5,2318,2247.5,2251,2233600,2251
2020-12-04,2256,2275.5,2239,2251,1695900,2251
2020-12-07,2257.5,2258,2211.5,2218,1554000,2218
2020-12-08,2219.5,2234.5,2214.5,2222,1135200,2222
2020-12-09,2234,2258,2211.5,2231,1465700,2231
2020-12-10,2250,2266,2238,2255.5,1925400,2255.5
2020-12-11,2284,2312,2279.5,2312,2639800,2312
2020-12-14,2325.5,2359.5,2323,2335,1801400,2335
2020-12-15,2335,2335,2263,2265.5,1901200,2265.5
2020-12-16,2315,2320,2291,2297,962100,2297
2020-12-17,2268,2297.5,2256,2295,1504200,2295
2020-12-18,2321.5,2338,2301,2337.5,2154400,2337.5
2020-12-21,2338,2338,2299,2320,1286000,2320
2020-12-22,2280.5,2294,2265,2271.5,910400,2271.5
2020-12-24,2309.5,2323.5,2299,2308.5,857500,2308.5
2020-12-25,2300.5,2313.5,2286,2294.5,664100,2294.5
2020-12-28,2304,2356.5,2302,2344.5,1307500,2344.5
2020-12-30,2382.5,2399,2361.5,2384,1017400,2384
